INSERT INTO camps (id, number, year) VALUES
    (1, 1,' 2016-01-01'),
    (2, 2, '2016-01-01'),
    (3, 3, '2016-01-01'),
    (4, 4, '2016-01-01'),
    (5, 5, '2016-01-01'),
    (6, 6, '2016-01-01');

insert into applicants (id, campId, accepted, sentMail, name, createdOn, answers) values
    (1, 1, false, true, 'Deborah Edwards', '2015-07-19 05:34:48', '[{"preferovanaDruzina":5,"datumNarodenia":"2015-11-20","studiumPraca":null,"adresa":"80 Harper Pass","telefon":"691-(500)974-7973","email":"ajenkins0@intel.com","rodneCislo":"108-07-8292","alternativnaDruzina":null,"celych14dni":"Etiam pretium iaculis justo.","odkialSaDozvedel":null,"coNakoniecMotivovalo":null,"telesnyStav":null,"zavislost":null,"zrucnost":null,"zlozilSiKostiNaNoc":null,"bolSiUzNaTabore":null,"bojisSa":null,"radSaHras":null,"coTaPotesi":null,"ukryvatMyslienky":null,"jedlo":null,"znaky":null,"basen":"In sagittis dui vel nisl. Duis ac nibh. Fusce lacus purus, aliquet at, feugiat non, pretium quis, lectus.","nevsednaVlastnost":null,"desatVeci":null,"hudba":null,"coSiSlubujes":null,"dubova":null,"pesZakopany":null}]'),
    (2, 1, true, true, 'Sara Fernandez', '2016-03-25 14:33:07', '[{"preferovanaDruzina":3,"datumNarodenia":"2015-08-22","studiumPraca":null,"adresa":"77 Dapin Parkway","telefon":"55-(771)315-1957","email":"srice0@exblog.jp","rodneCislo":"726-01-4838","alternativnaDruzina":null,"celych14dni":"Proin interdum mauris non ligula pellentesque ultrices.","odkialSaDozvedel":null,"coNakoniecMotivovalo":null,"telesnyStav":null,"zavislost":null,"zrucnost":null,"zlozilSiKostiNaNoc":null,"bolSiUzNaTabore":null,"bojisSa":null,"radSaHras":null,"coTaPotesi":null,"ukryvatMyslienky":null,"jedlo":null,"znaky":null,"basen":"Nunc nisl.","nevsednaVlastnost":null,"desatVeci":null,"hudba":null,"coSiSlubujes":null,"dubova":null,"pesZakopany":null}]'),
    (3, 6, false, true, 'Lillian Castillo', '2016-02-04 11:25:22', '[{"preferovanaDruzina":2,"datumNarodenia":"2015-08-06","studiumPraca":"Duis bibendum.","adresa":"581 Fulton Terrace","telefon":"220-(539)377-8680","email":"jdavis0@vistaprint.com","rodneCislo":"566-33-8180","alternativnaDruzina":"Vivamus tortor. Duis mattis egestas metus.","celych14dni":"Nam congue, risus semper porta volutpat, quam pede lobortis ligula, sit amet eleifend pede libero quis orci.","odkialSaDozvedel":"In est risus, auctor sed, tristique in, tempus sit amet, sem. Fusce consequat.","coNakoniecMotivovalo":"Morbi sem mauris, laoreet ut, rhoncus aliquet, pulvinar sed, nisl. Nunc rhoncus dui vel sem.","telesnyStav":"Proin interdum mauris non ligula pellentesque ultrices. Phasellus id sapien in sapien iaculis congue.","zavislost":"Pellentesque viverra pede ac diam. Cras pellentesque volutpat dui.","zrucnost":"Vestibulum ante ipsum primis in faucibus orci luctus et ultrices posuere cubilia Curae, Nulla dapibus dolor vel est.","zlozilSiKostiNaNoc":"Vestibulum ante ipsum primis in faucibus orci luctus et ultrices posuere cubilia Curae, Duis faucibus accumsan odio.","bolSiUzNaTabore":"Donec dapibus. Duis at velit eu est congue elementum.","bojisSa":"Morbi sem mauris, laoreet ut, rhoncus aliquet, pulvinar sed, nisl. Nunc rhoncus dui vel sem.","radSaHras":"In blandit ultrices enim. Lorem ipsum dolor sit amet, consectetuer adipiscing elit.","coTaPotesi":"Vestibulum ante ipsum primis in faucibus orci luctus et ultrices posuere cubilia Curae, Mauris viverra diam vitae quam. Suspendisse potenti.","ukryvatMyslienky":"Nunc purus. Phasellus in felis.","jedlo":"Proin risus. Praesent lectus.","znaky":"Cras in purus eu magna vulputate luctus. Cum sociis natoque penatibus et magnis dis parturient montes, nascetur ridiculus mus.","basen":"In blandit ultrices enim. Lorem ipsum dolor sit amet, consectetuer adipiscing elit. Proin interdum mauris non ligula pellentesque ultrices. Phasellus id sapien in sapien iaculis congue. Vivamus metus arcu, adipiscing molestie, hendrerit at, vulputate vitae, nisl. Aenean lectus.","nevsednaVlastnost":"Etiam vel augue. Vestibulum rutrum rutrum neque.","desatVeci":"Vivamus in felis eu sapien cursus vestibulum. Proin eu mi.","hudba":"Proin risus.","coSiSlubujes":"Suspendisse accumsan tortor quis turpis. Sed ante.","dubova":"Integer ac neque. Duis bibendum.","pesZakopany":"Nulla ut erat id mauris vulputate elementum."}]'),
    (4, 1, true, true, 'Catherine Hawkins', '2016-01-23 13:13:52', '[{"preferovanaDruzina":4,"datumNarodenia":"2015-10-06","studiumPraca":null,"adresa":"4305 Vahlen Court","telefon":"234-(120)683-8003","email":"hkelley0@ehow.com","rodneCislo":"755-73-2404","alternativnaDruzina":null,"celych14dni":"Morbi ut odio.","odkialSaDozvedel":null,"coNakoniecMotivovalo":null,"telesnyStav":null,"zavislost":null,"zrucnost":null,"zlozilSiKostiNaNoc":null,"bolSiUzNaTabore":null,"bojisSa":null,"radSaHras":null,"coTaPotesi":null,"ukryvatMyslienky":null,"jedlo":null,"znaky":null,"basen":"Proin risus. Praesent lectus. Vestibulum quam sapien, varius ut, blandit non, interdum in, ante. Vestibulum ante ipsum primis in faucibus orci luctus et ultrices posuere cubilia Curae, Duis faucibus accumsan odio.","nevsednaVlastnost":null,"desatVeci":null,"hudba":null,"coSiSlubujes":null,"dubova":null,"pesZakopany":null}]'),
    (5, 4, true, false, 'Judith Chapman', '2015-12-09 07:42:41', '[{"preferovanaDruzina":5,"datumNarodenia":"2015-12-30","studiumPraca":"Aliquam erat volutpat.","adresa":"899 Corscot Street","telefon":"46-(983)160-0731","email":"nmorrison0@mysql.com","rodneCislo":"105-30-4753","alternativnaDruzina":"Fusce lacus purus, aliquet at, feugiat non, pretium quis, lectus.","celych14dni":"Praesent blandit lacinia erat.","odkialSaDozvedel":"Nam tristique tortor eu pede.","coNakoniecMotivovalo":"Aliquam non mauris.","telesnyStav":"In tempor, turpis nec euismod scelerisque, quam turpis adipiscing lorem, vitae mattis nibh ligula nec sem. Duis aliquam convallis nunc.","zavislost":"Sed sagittis.","zrucnost":"Vestibulum rutrum rutrum neque.","zlozilSiKostiNaNoc":"Nulla tellus.","bolSiUzNaTabore":"Curabitur in libero ut massa volutpat convallis. Morbi odio odio, elementum eu, interdum eu, tincidunt in, leo.","bojisSa":"Etiam faucibus cursus urna.","radSaHras":"Nulla justo. Aliquam quis turpis eget elit sodales scelerisque.","coTaPotesi":"Integer ac leo. Pellentesque ultrices mattis odio.","ukryvatMyslienky":"Duis ac nibh.","jedlo":"Cras non velit nec nisi vulputate nonummy. Maecenas tincidunt lacus at velit.","znaky":"Sed vel enim sit amet nunc viverra dapibus.","basen":"Maecenas tincidunt lacus at velit. Vivamus vel nulla eget eros elementum pellentesque. Quisque porta volutpat erat. Quisque erat eros, viverra eget, congue eget, semper rutrum, nulla. Nunc purus. Phasellus in felis.","nevsednaVlastnost":"Etiam faucibus cursus urna. Ut tellus.","desatVeci":"Proin risus.","hudba":"Vivamus metus arcu, adipiscing molestie, hendrerit at, vulputate vitae, nisl. Aenean lectus.","coSiSlubujes":"Mauris sit amet eros.","dubova":"In eleifend quam a odio. In hac habitasse platea dictumst.","pesZakopany":"Integer non velit."}]'),
    (6, 6, true, true, 'Martha Hanson', '2016-02-18 21:09:58', '[{"preferovanaDruzina":3,"datumNarodenia":"2015-12-04","studiumPraca":"Nulla tempus.","adresa":"07 Grim Terrace","telefon":"52-(602)873-7997","email":"lwood0@opera.com","rodneCislo":"597-59-2521","alternativnaDruzina":"Donec odio justo, sollicitudin ut, suscipit a, feugiat et, eros.","celych14dni":"Nulla ut erat id mauris vulputate elementum.","odkialSaDozvedel":"Sed accumsan felis. Ut at dolor quis odio consequat varius.","coNakoniecMotivovalo":"In hac habitasse platea dictumst.","telesnyStav":"Proin eu mi.","zavislost":"Maecenas ut massa quis augue luctus tincidunt. Nulla mollis molestie lorem.","zrucnost":"Suspendisse ornare consequat lectus.","zlozilSiKostiNaNoc":"Maecenas pulvinar lobortis est.","bolSiUzNaTabore":"Morbi quis tortor id nulla ultrices aliquet.","bojisSa":"Suspendisse accumsan tortor quis turpis. Sed ante.","radSaHras":"Donec quis orci eget orci vehicula condimentum. Curabitur in libero ut massa volutpat convallis.","coTaPotesi":"Fusce posuere felis sed lacus. Morbi sem mauris, laoreet ut, rhoncus aliquet, pulvinar sed, nisl.","ukryvatMyslienky":"Mauris ullamcorper purus sit amet nulla. Quisque arcu libero, rutrum ac, lobortis vel, dapibus at, diam.","jedlo":"Mauris sit amet eros.","znaky":"Duis consequat dui nec nisi volutpat eleifend. Donec ut dolor.","basen":"Morbi vel lectus in quam fringilla rhoncus. Mauris enim leo, rhoncus sed, vestibulum sit amet, cursus id, turpis. Integer aliquet, massa id lobortis convallis, tortor risus dapibus augue, vel accumsan tellus nisi eu orci.","nevsednaVlastnost":"Fusce consequat.","desatVeci":"Vivamus in felis eu sapien cursus vestibulum.","hudba":"Maecenas leo odio, condimentum id, luctus nec, molestie sed, justo.","coSiSlubujes":"Maecenas tristique, est et tempus semper, est quam pharetra magna, ac consequat metus sapien ut nunc.","dubova":"Vivamus in felis eu sapien cursus vestibulum. Proin eu mi.","pesZakopany":"Proin leo odio, porttitor id, consequat in, consequat ut, nulla. Sed accumsan felis."}]'),
    (7, 1, false, true, 'Lawrence Young', '2015-08-03 01:06:45', '[{"preferovanaDruzina":3,"datumNarodenia":"2015-07-17","studiumPraca":null,"adresa":"27 Lindbergh Street","telefon":"62-(564)239-4201","email":"ballen0@dmoz.org","rodneCislo":"346-77-9888","alternativnaDruzina":null,"celych14dni":"Praesent blandit lacinia erat.","odkialSaDozvedel":null,"coNakoniecMotivovalo":null,"telesnyStav":null,"zavislost":null,"zrucnost":null,"zlozilSiKostiNaNoc":null,"bolSiUzNaTabore":null,"bojisSa":null,"radSaHras":null,"coTaPotesi":null,"ukryvatMyslienky":null,"jedlo":null,"znaky":null,"basen":"Pellentesque viverra pede ac diam. Cras pellentesque volutpat dui. Maecenas tristique, est et tempus semper, est quam pharetra magna, ac consequat metus sapien ut nunc. Vestibulum ante ipsum primis in faucibus orci luctus et ultrices posuere cubilia Curae, Mauris viverra diam vitae quam. Suspendisse potenti. Nullam porttitor lacus at turpis.","nevsednaVlastnost":null,"desatVeci":null,"hudba":null,"coSiSlubujes":null,"dubova":null,"pesZakopany":null}]'),
    (8, 2, true, true, 'Terry Castillo', '2015-08-20 06:39:01', '[{"preferovanaDruzina":3,"datumNarodenia":"2015-08-10","studiumPraca":"Morbi vel lectus in quam fringilla rhoncus.","adresa":"30 Carberry Road","telefon":"7-(755)601-8199","email":"jpeterson0@printfriendly.com","rodneCislo":"811-66-8791","alternativnaDruzina":"In hac habitasse platea dictumst.","celych14dni":"Pellentesque at nulla.","odkialSaDozvedel":"Morbi a ipsum. Integer a nibh.","coNakoniecMotivovalo":"Morbi porttitor lorem id ligula.","telesnyStav":"Curabitur in libero ut massa volutpat convallis. Morbi odio odio, elementum eu, interdum eu, tincidunt in, leo.","zavislost":"In eleifend quam a odio. In hac habitasse platea dictumst.","zrucnost":"Pellentesque viverra pede ac diam. Cras pellentesque volutpat dui.","zlozilSiKostiNaNoc":"Maecenas tincidunt lacus at velit. Vivamus vel nulla eget eros elementum pellentesque.","bolSiUzNaTabore":"Suspendisse potenti. In eleifend quam a odio.","bojisSa":"Aenean sit amet justo. Morbi ut odio.","radSaHras":"Praesent blandit lacinia erat. Vestibulum sed magna at nunc commodo placerat.","coTaPotesi":"Proin risus.","ukryvatMyslienky":"Pellentesque viverra pede ac diam. Cras pellentesque volutpat dui.","jedlo":"Morbi a ipsum.","znaky":"In tempor, turpis nec euismod scelerisque, quam turpis adipiscing lorem, vitae mattis nibh ligula nec sem. Duis aliquam convallis nunc.","basen":"Morbi odio odio, elementum eu, interdum eu, tincidunt in, leo. Maecenas pulvinar lobortis est. Phasellus sit amet erat. Nulla tempus. Vivamus in felis eu sapien cursus vestibulum. Proin eu mi.","nevsednaVlastnost":"In hac habitasse platea dictumst. Morbi vestibulum, velit id pretium iaculis, diam erat fermentum justo, nec condimentum neque sapien placerat ante.","desatVeci":"Nullam sit amet turpis elementum ligula vehicula consequat.","hudba":"Integer ac leo. Pellentesque ultrices mattis odio.","coSiSlubujes":"Morbi non quam nec dui luctus rutrum. Nulla tellus.","dubova":"Integer pede justo, lacinia eget, tincidunt eget, tempus vel, pede.","pesZakopany":"Praesent id massa id nisl venenatis lacinia."}]'),
    (9, 3, false, true, 'Joshua Moreno', '2015-11-21 20:12:24', '[{"preferovanaDruzina":2,"datumNarodenia":"2016-03-01","studiumPraca":null,"adresa":"36 Di Loreto Parkway","telefon":"55-(487)613-9038","email":"rdavis0@google.co.uk","rodneCislo":"744-83-6461","alternativnaDruzina":null,"celych14dni":"Vivamus tortor.","odkialSaDozvedel":null,"coNakoniecMotivovalo":null,"telesnyStav":null,"zavislost":null,"zrucnost":null,"zlozilSiKostiNaNoc":null,"bolSiUzNaTabore":null,"bojisSa":null,"radSaHras":null,"coTaPotesi":null,"ukryvatMyslienky":null,"jedlo":null,"znaky":null,"basen":"Proin at turpis a pede posuere nonummy. Integer non velit. Donec diam neque, vestibulum eget, vulputate ut, ultrices vel, augue. Vestibulum ante ipsum primis in faucibus orci luctus et ultrices posuere cubilia Curae, Donec pharetra, magna vestibulum aliquet ultrices, erat tortor sollicitudin mi, sit amet lobortis sapien sapien non mi. Integer ac neque. Duis bibendum.","nevsednaVlastnost":null,"desatVeci":null,"hudba":null,"coSiSlubujes":null,"dubova":null,"pesZakopany":null}]'),
    (10, 5, false, false, 'Ryan Weaver', '2015-05-20 15:40:41', '[{"preferovanaDruzina":3,"datumNarodenia":"2016-03-08","studiumPraca":"Morbi vel lectus in quam fringilla rhoncus.","adresa":"9574 Golf View Hill","telefon":"86-(125)986-3045","email":"dknight0@google.com.hk","rodneCislo":"146-93-7116","alternativnaDruzina":"Aliquam erat volutpat. In congue.","celych14dni":"Phasellus id sapien in sapien iaculis congue.","odkialSaDozvedel":"Morbi porttitor lorem id ligula. Suspendisse ornare consequat lectus.","coNakoniecMotivovalo":"Proin risus. Praesent lectus.","telesnyStav":"Quisque arcu libero, rutrum ac, lobortis vel, dapibus at, diam.","zavislost":"Donec semper sapien a libero.","zrucnost":"In sagittis dui vel nisl. Duis ac nibh.","zlozilSiKostiNaNoc":"Donec odio justo, sollicitudin ut, suscipit a, feugiat et, eros. Vestibulum ac est lacinia nisi venenatis tristique.","bolSiUzNaTabore":"Cras in purus eu magna vulputate luctus. Cum sociis natoque penatibus et magnis dis parturient montes, nascetur ridiculus mus.","bojisSa":"Proin risus. Praesent lectus.","radSaHras":"Proin leo odio, porttitor id, consequat in, consequat ut, nulla.","coTaPotesi":"Integer tincidunt ante vel ipsum. Praesent blandit lacinia erat.","ukryvatMyslienky":"Vivamus metus arcu, adipiscing molestie, hendrerit at, vulputate vitae, nisl.","jedlo":"Integer aliquet, massa id lobortis convallis, tortor risus dapibus augue, vel accumsan tellus nisi eu orci. Mauris lacinia sapien quis libero.","znaky":"Integer a nibh. In quis justo.","basen":"Fusce congue, diam id ornare imperdiet, sapien urna pretium nisl, ut volutpat sapien arcu sed augue. Aliquam erat volutpat. In congue. Etiam justo.","nevsednaVlastnost":"Cras pellentesque volutpat dui.","desatVeci":"Sed vel enim sit amet nunc viverra dapibus.","hudba":"Etiam justo. Etiam pretium iaculis justo.","coSiSlubujes":"Duis aliquam convallis nunc. Proin at turpis a pede posuere nonummy.","dubova":"Maecenas rhoncus aliquam lacus. Morbi quis tortor id nulla ultrices aliquet.","pesZakopany":"Mauris enim leo, rhoncus sed, vestibulum sit amet, cursus id, turpis. Integer aliquet, massa id lobortis convallis, tortor risus dapibus augue, vel accumsan tellus nisi eu orci."}]'),
    (11, 6, false, false, 'Raymond Hudson', '2016-03-21 09:32:29', '[{"preferovanaDruzina":3,"datumNarodenia":"2015-07-21","studiumPraca":"Morbi non lectus.","adresa":"035 Jay Hill","telefon":"93-(314)525-8339","email":"jkennedy0@theguardian.com","rodneCislo":"814-42-1959","alternativnaDruzina":"Nulla nisl.","celych14dni":"Praesent id massa id nisl venenatis lacinia.","odkialSaDozvedel":"Aliquam erat volutpat. In congue.","coNakoniecMotivovalo":"Quisque ut erat.","telesnyStav":"Nam ultrices, libero non mattis pulvinar, nulla pede ullamcorper augue, a suscipit nulla elit ac nulla. Sed vel enim sit amet nunc viverra dapibus.","zavislost":"Duis consequat dui nec nisi volutpat eleifend. Donec ut dolor.","zrucnost":"Nulla ac enim.","zlozilSiKostiNaNoc":"Curabitur gravida nisi at nibh. In hac habitasse platea dictumst.","bolSiUzNaTabore":"Vestibulum ante ipsum primis in faucibus orci luctus et ultrices posuere cubilia Curae, Duis faucibus accumsan odio.","bojisSa":"Duis ac nibh. Fusce lacus purus, aliquet at, feugiat non, pretium quis, lectus.","radSaHras":"Integer a nibh.","coTaPotesi":"Praesent blandit lacinia erat. Vestibulum sed magna at nunc commodo placerat.","ukryvatMyslienky":"Aliquam sit amet diam in magna bibendum imperdiet. Nullam orci pede, venenatis non, sodales sed, tincidunt eu, felis.","jedlo":"Curabitur gravida nisi at nibh. In hac habitasse platea dictumst.","znaky":"Sed accumsan felis. Ut at dolor quis odio consequat varius.","basen":"In hac habitasse platea dictumst. Aliquam augue quam, sollicitudin vitae, consectetuer eget, rutrum at, lorem. Integer tincidunt ante vel ipsum. Praesent blandit lacinia erat. Vestibulum sed magna at nunc commodo placerat. Praesent blandit.","nevsednaVlastnost":"Nam tristique tortor eu pede.","desatVeci":"Morbi porttitor lorem id ligula. Suspendisse ornare consequat lectus.","hudba":"In est risus, auctor sed, tristique in, tempus sit amet, sem. Fusce consequat.","coSiSlubujes":"Nunc purus. Phasellus in felis.","dubova":"Aenean lectus. Pellentesque eget nunc.","pesZakopany":"Mauris sit amet eros."}]'),
    (12, 5, true, true, 'Joseph Lynch', '2015-08-01 18:13:53', '[{"preferovanaDruzina":5,"datumNarodenia":"2016-03-11","studiumPraca":"Vivamus in felis eu sapien cursus vestibulum.","adresa":"40 Lakewood Pass","telefon":"86-(714)375-1574","email":"cwells0@infoseek.co.jp","rodneCislo":"739-37-9532","alternativnaDruzina":"Pellentesque eget nunc.","celych14dni":"Curabitur gravida nisi at nibh.","odkialSaDozvedel":"Suspendisse ornare consequat lectus. In est risus, auctor sed, tristique in, tempus sit amet, sem.","coNakoniecMotivovalo":"Integer aliquet, massa id lobortis convallis, tortor risus dapibus augue, vel accumsan tellus nisi eu orci.","telesnyStav":"Vivamus in felis eu sapien cursus vestibulum.","zavislost":"In hac habitasse platea dictumst. Maecenas ut massa quis augue luctus tincidunt.","zrucnost":"Duis ac nibh.","zlozilSiKostiNaNoc":"Mauris lacinia sapien quis libero.","bolSiUzNaTabore":"Nullam orci pede, venenatis non, sodales sed, tincidunt eu, felis. Fusce posuere felis sed lacus.","bojisSa":"Nulla tempus. Vivamus in felis eu sapien cursus vestibulum.","radSaHras":"Vivamus tortor. Duis mattis egestas metus.","coTaPotesi":"Nulla tellus. In sagittis dui vel nisl.","ukryvatMyslienky":"Curabitur gravida nisi at nibh. In hac habitasse platea dictumst.","jedlo":"Nulla ut erat id mauris vulputate elementum. Nullam varius.","znaky":"Aenean fermentum. Donec ut mauris eget massa tempor convallis.","basen":"Proin risus. Praesent lectus. Vestibulum quam sapien, varius ut, blandit non, interdum in, ante. Vestibulum ante ipsum primis in faucibus orci luctus et ultrices posuere cubilia Curae, Duis faucibus accumsan odio. Curabitur convallis. Duis consequat dui nec nisi volutpat eleifend.","nevsednaVlastnost":"Morbi porttitor lorem id ligula. Suspendisse ornare consequat lectus.","desatVeci":"Ut tellus.","hudba":"Duis at velit eu est congue elementum.","coSiSlubujes":"Duis ac nibh. Fusce lacus purus, aliquet at, feugiat non, pretium quis, lectus.","dubova":"Nulla nisl. Nunc nisl.","pesZakopany":"Phasellus id sapien in sapien iaculis congue. Vivamus metus arcu, adipiscing molestie, hendrerit at, vulputate vitae, nisl."}]'),
    (13, 1, false, true, 'Harry Fowler', '2015-06-27 11:31:12', '[{"preferovanaDruzina":5,"datumNarodenia":"2015-11-11","studiumPraca":"Integer aliquet, massa id lobortis convallis, tortor risus dapibus augue, vel accumsan tellus nisi eu orci.","adresa":"682 Express Park","telefon":"594-(744)499-2431","email":"breed0@nature.com","rodneCislo":"815-43-0337","alternativnaDruzina":"Etiam justo.","celych14dni":"Vestibulum ante ipsum primis in faucibus orci luctus et ultrices posuere cubilia Curae, Nulla dapibus dolor vel est.","odkialSaDozvedel":"In eleifend quam a odio. In hac habitasse platea dictumst.","coNakoniecMotivovalo":"Nunc purus. Phasellus in felis.","telesnyStav":"Donec posuere metus vitae ipsum.","zavislost":"Aenean lectus.","zrucnost":"Aliquam quis turpis eget elit sodales scelerisque. Mauris sit amet eros.","zlozilSiKostiNaNoc":"Donec ut mauris eget massa tempor convallis. Nulla neque libero, convallis eget, eleifend luctus, ultricies eu, nibh.","bolSiUzNaTabore":"Suspendisse accumsan tortor quis turpis. Sed ante.","bojisSa":"Proin at turpis a pede posuere nonummy.","radSaHras":"Morbi non lectus. Aliquam sit amet diam in magna bibendum imperdiet.","coTaPotesi":"Cras non velit nec nisi vulputate nonummy.","ukryvatMyslienky":"Vestibulum ante ipsum primis in faucibus orci luctus et ultrices posuere cubilia Curae, Mauris viverra diam vitae quam.","jedlo":"Nulla tempus. Vivamus in felis eu sapien cursus vestibulum.","znaky":"Duis consequat dui nec nisi volutpat eleifend. Donec ut dolor.","basen":"Vestibulum ante ipsum primis in faucibus orci luctus et ultrices posuere cubilia Curae, Duis faucibus accumsan odio. Curabitur convallis. Duis consequat dui nec nisi volutpat eleifend. Donec ut dolor. Morbi vel lectus in quam fringilla rhoncus.","nevsednaVlastnost":"Praesent lectus. Vestibulum quam sapien, varius ut, blandit non, interdum in, ante.","desatVeci":"Nam nulla.","hudba":"Cum sociis natoque penatibus et magnis dis parturient montes, nascetur ridiculus mus.","coSiSlubujes":"Duis ac nibh.","dubova":"Duis at velit eu est congue elementum.","pesZakopany":"In tempor, turpis nec euismod scelerisque, quam turpis adipiscing lorem, vitae mattis nibh ligula nec sem."}]'),
    (14, 4, true, true, 'Amy Alvarez', '2015-05-08 21:16:25', '[{"preferovanaDruzina":2,"datumNarodenia":"2016-04-13","studiumPraca":"Ut at dolor quis odio consequat varius.","adresa":"119 Glendale Hill","telefon":"7-(689)686-1426","email":"bperez0@geocities.com","rodneCislo":"210-82-9843","alternativnaDruzina":"Morbi non quam nec dui luctus rutrum. Nulla tellus.","celych14dni":"Nullam porttitor lacus at turpis.","odkialSaDozvedel":"Morbi sem mauris, laoreet ut, rhoncus aliquet, pulvinar sed, nisl.","coNakoniecMotivovalo":"Morbi non lectus. Aliquam sit amet diam in magna bibendum imperdiet.","telesnyStav":"Aenean auctor gravida sem. Praesent id massa id nisl venenatis lacinia.","zavislost":"Vestibulum quam sapien, varius ut, blandit non, interdum in, ante.","zrucnost":"Mauris ullamcorper purus sit amet nulla.","zlozilSiKostiNaNoc":"Maecenas rhoncus aliquam lacus. Morbi quis tortor id nulla ultrices aliquet.","bolSiUzNaTabore":"Fusce consequat. Nulla nisl.","bojisSa":"Suspendisse potenti.","radSaHras":"Nulla ut erat id mauris vulputate elementum.","coTaPotesi":"Integer ac neque. Duis bibendum.","ukryvatMyslienky":"Duis aliquam convallis nunc.","jedlo":"Nam tristique tortor eu pede.","znaky":"Pellentesque eget nunc.","basen":"Donec posuere metus vitae ipsum. Aliquam non mauris. Morbi non lectus.","nevsednaVlastnost":"Vivamus in felis eu sapien cursus vestibulum. Proin eu mi.","desatVeci":"Sed vel enim sit amet nunc viverra dapibus. Nulla suscipit ligula in lacus.","hudba":"Suspendisse potenti.","coSiSlubujes":"Praesent id massa id nisl venenatis lacinia. Aenean sit amet justo.","dubova":"Mauris sit amet eros.","pesZakopany":"Nulla ac enim. In tempor, turpis nec euismod scelerisque, quam turpis adipiscing lorem, vitae mattis nibh ligula nec sem."}]'),
    (15, 1, true, false, 'Randy Mason', '2015-11-26 21:54:45', '[{"preferovanaDruzina":3,"datumNarodenia":"2016-04-15","studiumPraca":null,"adresa":"1 Waywood Plaza","telefon":"504-(298)666-4195","email":"ajackson0@whitehouse.gov","rodneCislo":"119-76-4064","alternativnaDruzina":null,"celych14dni":"Nam tristique tortor eu pede.","odkialSaDozvedel":null,"coNakoniecMotivovalo":null,"telesnyStav":null,"zavislost":null,"zrucnost":null,"zlozilSiKostiNaNoc":null,"bolSiUzNaTabore":null,"bojisSa":null,"radSaHras":null,"coTaPotesi":null,"ukryvatMyslienky":null,"jedlo":null,"znaky":null,"basen":"Aliquam erat volutpat. In congue. Etiam justo. Etiam pretium iaculis justo. In hac habitasse platea dictumst. Etiam faucibus cursus urna.","nevsednaVlastnost":null,"desatVeci":null,"hudba":null,"coSiSlubujes":null,"dubova":null,"pesZakopany":null}]'),
    (16, 4, true, true, 'Harold Diaz', '2016-03-25 03:21:15', '[{"preferovanaDruzina":5,"datumNarodenia":"2015-10-29","studiumPraca":"Proin risus.","adresa":"93649 Vernon Point","telefon":"380-(126)217-5538","email":"ihoward0@dailymotion.com","rodneCislo":"701-16-2270","alternativnaDruzina":"Vivamus metus arcu, adipiscing molestie, hendrerit at, vulputate vitae, nisl.","celych14dni":"Praesent blandit lacinia erat.","odkialSaDozvedel":"Nullam orci pede, venenatis non, sodales sed, tincidunt eu, felis. Fusce posuere felis sed lacus.","coNakoniecMotivovalo":"Pellentesque at nulla.","telesnyStav":"Nunc purus.","zavislost":"Etiam pretium iaculis justo.","zrucnost":"Nunc rhoncus dui vel sem. Sed sagittis.","zlozilSiKostiNaNoc":"Duis ac nibh.","bolSiUzNaTabore":"Fusce lacus purus, aliquet at, feugiat non, pretium quis, lectus. Suspendisse potenti.","bojisSa":"Etiam pretium iaculis justo. In hac habitasse platea dictumst.","radSaHras":"Pellentesque at nulla. Suspendisse potenti.","coTaPotesi":"Fusce congue, diam id ornare imperdiet, sapien urna pretium nisl, ut volutpat sapien arcu sed augue. Aliquam erat volutpat.","ukryvatMyslienky":"Vivamus vestibulum sagittis sapien.","jedlo":"Sed vel enim sit amet nunc viverra dapibus. Nulla suscipit ligula in lacus.","znaky":"Duis mattis egestas metus.","basen":"Vestibulum ante ipsum primis in faucibus orci luctus et ultrices posuere cubilia Curae, Mauris viverra diam vitae quam.","nevsednaVlastnost":"Maecenas leo odio, condimentum id, luctus nec, molestie sed, justo. Pellentesque viverra pede ac diam.","desatVeci":"Proin interdum mauris non ligula pellentesque ultrices.","hudba":"Vestibulum ante ipsum primis in faucibus orci luctus et ultrices posuere cubilia Curae, Donec pharetra, magna vestibulum aliquet ultrices, erat tortor sollicitudin mi, sit amet lobortis sapien sapien non mi. Integer ac neque.","coSiSlubujes":"Praesent lectus.","dubova":"Vestibulum ante ipsum primis in faucibus orci luctus et ultrices posuere cubilia Curae, Mauris viverra diam vitae quam. Suspendisse potenti.","pesZakopany":"Cum sociis natoque penatibus et magnis dis parturient montes, nascetur ridiculus mus."}]'),
    (17, 3, true, true, 'Jesse Wallace', '2015-10-02 12:45:52', '[{"preferovanaDruzina":4,"datumNarodenia":"2016-04-21","studiumPraca":"Donec dapibus.","adresa":"512 Randy Parkway","telefon":"66-(714)769-6084","email":"aellis0@java.com","rodneCislo":"671-98-2160","alternativnaDruzina":"Cras pellentesque volutpat dui.","celych14dni":"Nulla tellus.","odkialSaDozvedel":"Nam congue, risus semper porta volutpat, quam pede lobortis ligula, sit amet eleifend pede libero quis orci. Nullam molestie nibh in lectus.","coNakoniecMotivovalo":"Cras in purus eu magna vulputate luctus.","telesnyStav":"Vestibulum ante ipsum primis in faucibus orci luctus et ultrices posuere cubilia Curae, Mauris viverra diam vitae quam. Suspendisse potenti.","zavislost":"In hac habitasse platea dictumst.","zrucnost":"Praesent lectus.","zlozilSiKostiNaNoc":"Suspendisse potenti. Nullam porttitor lacus at turpis.","bolSiUzNaTabore":"Nulla neque libero, convallis eget, eleifend luctus, ultricies eu, nibh. Quisque id justo sit amet sapien dignissim vestibulum.","bojisSa":"In hac habitasse platea dictumst.","radSaHras":"Morbi a ipsum. Integer a nibh.","coTaPotesi":"Proin leo odio, porttitor id, consequat in, consequat ut, nulla.","ukryvatMyslienky":"Cras pellentesque volutpat dui.","jedlo":"Nulla neque libero, convallis eget, eleifend luctus, ultricies eu, nibh.","znaky":"In est risus, auctor sed, tristique in, tempus sit amet, sem. Fusce consequat.","basen":"Cras mi pede, malesuada in, imperdiet et, commodo vulputate, justo. In blandit ultrices enim. Lorem ipsum dolor sit amet, consectetuer adipiscing elit. Proin interdum mauris non ligula pellentesque ultrices. Phasellus id sapien in sapien iaculis congue. Vivamus metus arcu, adipiscing molestie, hendrerit at, vulputate vitae, nisl.","nevsednaVlastnost":"Nam dui. Proin leo odio, porttitor id, consequat in, consequat ut, nulla.","desatVeci":"Etiam faucibus cursus urna.","hudba":"Morbi non quam nec dui luctus rutrum.","coSiSlubujes":"Morbi porttitor lorem id ligula. Suspendisse ornare consequat lectus.","dubova":"Suspendisse accumsan tortor quis turpis. Sed ante.","pesZakopany":"Nam ultrices, libero non mattis pulvinar, nulla pede ullamcorper augue, a suscipit nulla elit ac nulla."}]'),
    (18, 3, false, true, 'Russell Burns', '2015-07-08 05:23:07', '[{"preferovanaDruzina":4,"datumNarodenia":"2015-07-10","studiumPraca":null,"adresa":"42 Dryden Court","telefon":"86-(877)178-1649","email":"cnguyen0@discovery.com","rodneCislo":"843-87-0231","alternativnaDruzina":null,"celych14dni":"Donec dapibus.","odkialSaDozvedel":null,"coNakoniecMotivovalo":null,"telesnyStav":null,"zavislost":null,"zrucnost":null,"zlozilSiKostiNaNoc":null,"bolSiUzNaTabore":null,"bojisSa":null,"radSaHras":null,"coTaPotesi":null,"ukryvatMyslienky":null,"jedlo":null,"znaky":null,"basen":"Maecenas pulvinar lobortis est. Phasellus sit amet erat.","nevsednaVlastnost":null,"desatVeci":null,"hudba":null,"coSiSlubujes":null,"dubova":null,"pesZakopany":null}]'),
    (19, 4, true, true, 'Marie Hart', '2016-04-20 12:27:10', '[{"preferovanaDruzina":4,"datumNarodenia":"2015-12-05","studiumPraca":"Vivamus tortor.","adresa":"062 Amoth Place","telefon":"86-(175)598-0090","email":"gfowler0@ebay.com","rodneCislo":"740-25-8552","alternativnaDruzina":"Vestibulum sed magna at nunc commodo placerat.","celych14dni":"Etiam vel augue.","odkialSaDozvedel":"Duis bibendum. Morbi non quam nec dui luctus rutrum.","coNakoniecMotivovalo":"Maecenas tincidunt lacus at velit.","telesnyStav":"Sed vel enim sit amet nunc viverra dapibus.","zavislost":"Cras mi pede, malesuada in, imperdiet et, commodo vulputate, justo. In blandit ultrices enim.","zrucnost":"Sed sagittis. Nam congue, risus semper porta volutpat, quam pede lobortis ligula, sit amet eleifend pede libero quis orci.","zlozilSiKostiNaNoc":"Praesent id massa id nisl venenatis lacinia.","bolSiUzNaTabore":"Morbi vestibulum, velit id pretium iaculis, diam erat fermentum justo, nec condimentum neque sapien placerat ante. Nulla justo.","bojisSa":"Pellentesque eget nunc. Donec quis orci eget orci vehicula condimentum.","radSaHras":"Sed vel enim sit amet nunc viverra dapibus. Nulla suscipit ligula in lacus.","coTaPotesi":"In blandit ultrices enim. Lorem ipsum dolor sit amet, consectetuer adipiscing elit.","ukryvatMyslienky":"Pellentesque eget nunc.","jedlo":"Maecenas leo odio, condimentum id, luctus nec, molestie sed, justo. Pellentesque viverra pede ac diam.","znaky":"Maecenas ut massa quis augue luctus tincidunt.","basen":"Nulla tempus. Vivamus in felis eu sapien cursus vestibulum. Proin eu mi. Nulla ac enim. In tempor, turpis nec euismod scelerisque, quam turpis adipiscing lorem, vitae mattis nibh ligula nec sem. Duis aliquam convallis nunc.","nevsednaVlastnost":"Nam dui.","desatVeci":"Vestibulum ante ipsum primis in faucibus orci luctus et ultrices posuere cubilia Curae, Donec pharetra, magna vestibulum aliquet ultrices, erat tortor sollicitudin mi, sit amet lobortis sapien sapien non mi.","hudba":"Donec dapibus. Duis at velit eu est congue elementum.","coSiSlubujes":"Sed accumsan felis.","dubova":"Integer a nibh. In quis justo.","pesZakopany":"Morbi sem mauris, laoreet ut, rhoncus aliquet, pulvinar sed, nisl. Nunc rhoncus dui vel sem."}]'),
    (20, 4, true, false, 'Jesse Jacobs', '2015-07-10 15:43:15', '[{"preferovanaDruzina":5,"datumNarodenia":"2015-10-31","studiumPraca":"Donec vitae nisi.","adresa":"45322 Superior Circle","telefon":"86-(840)185-9008","email":"bsimpson0@tinypic.com","rodneCislo":"529-71-6761","alternativnaDruzina":"Sed sagittis.","celych14dni":"Integer ac leo.","odkialSaDozvedel":"Lorem ipsum dolor sit amet, consectetuer adipiscing elit. Proin interdum mauris non ligula pellentesque ultrices.","coNakoniecMotivovalo":"Aenean sit amet justo. Morbi ut odio.","telesnyStav":"Curabitur at ipsum ac tellus semper interdum. Mauris ullamcorper purus sit amet nulla.","zavislost":"Nam congue, risus semper porta volutpat, quam pede lobortis ligula, sit amet eleifend pede libero quis orci.","zrucnost":"Sed accumsan felis. Ut at dolor quis odio consequat varius.","zlozilSiKostiNaNoc":"Mauris ullamcorper purus sit amet nulla. Quisque arcu libero, rutrum ac, lobortis vel, dapibus at, diam.","bolSiUzNaTabore":"Donec odio justo, sollicitudin ut, suscipit a, feugiat et, eros. Vestibulum ac est lacinia nisi venenatis tristique.","bojisSa":"Sed ante. Vivamus tortor.","radSaHras":"Donec semper sapien a libero.","coTaPotesi":"Vestibulum sed magna at nunc commodo placerat.","ukryvatMyslienky":"Aliquam augue quam, sollicitudin vitae, consectetuer eget, rutrum at, lorem. Integer tincidunt ante vel ipsum.","jedlo":"Duis mattis egestas metus. Aenean fermentum.","znaky":"In eleifend quam a odio. In hac habitasse platea dictumst.","basen":"Duis ac nibh.","nevsednaVlastnost":"Aliquam augue quam, sollicitudin vitae, consectetuer eget, rutrum at, lorem. Integer tincidunt ante vel ipsum.","desatVeci":"Donec dapibus. Duis at velit eu est congue elementum.","hudba":"Curabitur in libero ut massa volutpat convallis. Morbi odio odio, elementum eu, interdum eu, tincidunt in, leo.","coSiSlubujes":"Proin eu mi. Nulla ac enim.","dubova":"Pellentesque at nulla.","pesZakopany":"Nulla tempus. Vivamus in felis eu sapien cursus vestibulum."}]'),
    (21, 5, false, true, 'Marie Owens', '2015-11-17 12:13:47', '[{"preferovanaDruzina":5,"datumNarodenia":"2015-11-24","studiumPraca":"Duis ac nibh.","adresa":"81 Utah Center","telefon":"7-(824)750-3319","email":"swagner0@bizjournals.com","rodneCislo":"150-61-4365","alternativnaDruzina":"Aenean auctor gravida sem. Praesent id massa id nisl venenatis lacinia.","celych14dni":"Morbi non quam nec dui luctus rutrum.","odkialSaDozvedel":"In quis justo.","coNakoniecMotivovalo":"Proin interdum mauris non ligula pellentesque ultrices. Phasellus id sapien in sapien iaculis congue.","telesnyStav":"Duis ac nibh. Fusce lacus purus, aliquet at, feugiat non, pretium quis, lectus.","zavislost":"In hac habitasse platea dictumst. Aliquam augue quam, sollicitudin vitae, consectetuer eget, rutrum at, lorem.","zrucnost":"Donec dapibus. Duis at velit eu est congue elementum.","zlozilSiKostiNaNoc":"Etiam justo.","bolSiUzNaTabore":"Nulla nisl.","bojisSa":"Fusce lacus purus, aliquet at, feugiat non, pretium quis, lectus.","radSaHras":"In blandit ultrices enim. Lorem ipsum dolor sit amet, consectetuer adipiscing elit.","coTaPotesi":"In hac habitasse platea dictumst.","ukryvatMyslienky":"Cum sociis natoque penatibus et magnis dis parturient montes, nascetur ridiculus mus. Etiam vel augue.","jedlo":"Phasellus id sapien in sapien iaculis congue.","znaky":"Cras mi pede, malesuada in, imperdiet et, commodo vulputate, justo.","basen":"Donec semper sapien a libero. Nam dui. Proin leo odio, porttitor id, consequat in, consequat ut, nulla. Sed accumsan felis.","nevsednaVlastnost":"Maecenas ut massa quis augue luctus tincidunt. Nulla mollis molestie lorem.","desatVeci":"Integer a nibh. In quis justo.","hudba":"Vestibulum quam sapien, varius ut, blandit non, interdum in, ante. Vestibulum ante ipsum primis in faucibus orci luctus et ultrices posuere cubilia Curae, Duis faucibus accumsan odio.","coSiSlubujes":"Curabitur convallis.","dubova":"Morbi ut odio. Cras mi pede, malesuada in, imperdiet et, commodo vulputate, justo.","pesZakopany":"Vestibulum ante ipsum primis in faucibus orci luctus et ultrices posuere cubilia Curae, Duis faucibus accumsan odio. Curabitur convallis."}]'),
    (22, 2, false, false, 'Bonnie Miller', '2016-03-06 18:17:03', '[{"preferovanaDruzina":2,"datumNarodenia":"2016-02-27","studiumPraca":"Donec odio justo, sollicitudin ut, suscipit a, feugiat et, eros.","adresa":"85998 Schlimgen Center","telefon":"1-(410)595-1029","email":"dgomez0@xrea.com","rodneCislo":"299-79-1959","alternativnaDruzina":"Vestibulum ante ipsum primis in faucibus orci luctus et ultrices posuere cubilia Curae, Duis faucibus accumsan odio. Curabitur convallis.","celych14dni":"Vivamus vel nulla eget eros elementum pellentesque.","odkialSaDozvedel":"Nulla tempus.","coNakoniecMotivovalo":"In congue. Etiam justo.","telesnyStav":"Proin eu mi.","zavislost":"Donec ut mauris eget massa tempor convallis. Nulla neque libero, convallis eget, eleifend luctus, ultricies eu, nibh.","zrucnost":"Nulla nisl. Nunc nisl.","zlozilSiKostiNaNoc":"Ut tellus.","bolSiUzNaTabore":"Phasellus sit amet erat.","bojisSa":"Pellentesque at nulla.","radSaHras":"Quisque id justo sit amet sapien dignissim vestibulum. Vestibulum ante ipsum primis in faucibus orci luctus et ultrices posuere cubilia Curae, Nulla dapibus dolor vel est.","coTaPotesi":"Cras non velit nec nisi vulputate nonummy. Maecenas tincidunt lacus at velit.","ukryvatMyslienky":"Quisque id justo sit amet sapien dignissim vestibulum. Vestibulum ante ipsum primis in faucibus orci luctus et ultrices posuere cubilia Curae, Nulla dapibus dolor vel est.","jedlo":"Quisque arcu libero, rutrum ac, lobortis vel, dapibus at, diam.","znaky":"Phasellus in felis. Donec semper sapien a libero.","basen":"In eleifend quam a odio. In hac habitasse platea dictumst. Maecenas ut massa quis augue luctus tincidunt.","nevsednaVlastnost":"Pellentesque at nulla. Suspendisse potenti.","desatVeci":"Duis bibendum.","hudba":"Cras pellentesque volutpat dui. Maecenas tristique, est et tempus semper, est quam pharetra magna, ac consequat metus sapien ut nunc.","coSiSlubujes":"Donec posuere metus vitae ipsum.","dubova":"Maecenas tincidunt lacus at velit.","pesZakopany":"Nullam molestie nibh in lectus. Pellentesque at nulla."}]'),
    (23, 5, false, true, 'Andrew Morris', '2015-10-12 00:29:27', '[{"preferovanaDruzina":5,"datumNarodenia":"2015-08-02","studiumPraca":"Mauris enim leo, rhoncus sed, vestibulum sit amet, cursus id, turpis.","adresa":"35 Golf Plaza","telefon":"63-(315)332-5568","email":"jbanks0@imageshack.us","rodneCislo":"491-61-8060","alternativnaDruzina":"Aliquam non mauris.","celych14dni":"Donec dapibus.","odkialSaDozvedel":"Curabitur in libero ut massa volutpat convallis. Morbi odio odio, elementum eu, interdum eu, tincidunt in, leo.","coNakoniecMotivovalo":"Integer pede justo, lacinia eget, tincidunt eget, tempus vel, pede. Morbi porttitor lorem id ligula.","telesnyStav":"In blandit ultrices enim. Lorem ipsum dolor sit amet, consectetuer adipiscing elit.","zavislost":"Duis aliquam convallis nunc. Proin at turpis a pede posuere nonummy.","zrucnost":"Integer pede justo, lacinia eget, tincidunt eget, tempus vel, pede. Morbi porttitor lorem id ligula.","zlozilSiKostiNaNoc":"Donec quis orci eget orci vehicula condimentum.","bolSiUzNaTabore":"Nunc purus. Phasellus in felis.","bojisSa":"Donec posuere metus vitae ipsum. Aliquam non mauris.","radSaHras":"Duis ac nibh.","coTaPotesi":"Maecenas tristique, est et tempus semper, est quam pharetra magna, ac consequat metus sapien ut nunc.","ukryvatMyslienky":"Integer ac leo.","jedlo":"Mauris lacinia sapien quis libero. Nullam sit amet turpis elementum ligula vehicula consequat.","znaky":"Cum sociis natoque penatibus et magnis dis parturient montes, nascetur ridiculus mus. Vivamus vestibulum sagittis sapien.","basen":"Nunc nisl. Duis bibendum, felis sed interdum venenatis, turpis enim blandit mi, in porttitor pede justo eu massa.","nevsednaVlastnost":"Phasellus in felis.","desatVeci":"Maecenas ut massa quis augue luctus tincidunt. Nulla mollis molestie lorem.","hudba":"Donec quis orci eget orci vehicula condimentum.","coSiSlubujes":"Nullam porttitor lacus at turpis. Donec posuere metus vitae ipsum.","dubova":"In congue. Etiam justo.","pesZakopany":"Vestibulum sed magna at nunc commodo placerat."}]'),
    (24, 3, true, true, 'Adam Miller', '2015-06-20 07:41:41', '[{"preferovanaDruzina":2,"datumNarodenia":"2015-06-18","studiumPraca":"Vivamus in felis eu sapien cursus vestibulum.","adresa":"86346 Bunker Hill Junction","telefon":"63-(159)281-6524","email":"wjackson0@g.co","rodneCislo":"835-50-0411","alternativnaDruzina":"Aenean lectus. Pellentesque eget nunc.","celych14dni":"Curabitur convallis.","odkialSaDozvedel":"Vivamus vel nulla eget eros elementum pellentesque. Quisque porta volutpat erat.","coNakoniecMotivovalo":"Proin eu mi.","telesnyStav":"Duis mattis egestas metus.","zavislost":"Morbi vel lectus in quam fringilla rhoncus.","zrucnost":"Etiam pretium iaculis justo. In hac habitasse platea dictumst.","zlozilSiKostiNaNoc":"In congue. Etiam justo.","bolSiUzNaTabore":"Vivamus metus arcu, adipiscing molestie, hendrerit at, vulputate vitae, nisl. Aenean lectus.","bojisSa":"Praesent blandit lacinia erat.","radSaHras":"Nulla ac enim.","coTaPotesi":"Fusce congue, diam id ornare imperdiet, sapien urna pretium nisl, ut volutpat sapien arcu sed augue. Aliquam erat volutpat.","ukryvatMyslienky":"Morbi a ipsum.","jedlo":"Suspendisse potenti.","znaky":"Maecenas leo odio, condimentum id, luctus nec, molestie sed, justo. Pellentesque viverra pede ac diam.","basen":"Curabitur gravida nisi at nibh. In hac habitasse platea dictumst. Aliquam augue quam, sollicitudin vitae, consectetuer eget, rutrum at, lorem.","nevsednaVlastnost":"Vestibulum ac est lacinia nisi venenatis tristique. Fusce congue, diam id ornare imperdiet, sapien urna pretium nisl, ut volutpat sapien arcu sed augue.","desatVeci":"Fusce consequat. Nulla nisl.","hudba":"Donec vitae nisi. Nam ultrices, libero non mattis pulvinar, nulla pede ullamcorper augue, a suscipit nulla elit ac nulla.","coSiSlubujes":"Nulla neque libero, convallis eget, eleifend luctus, ultricies eu, nibh.","dubova":"Aenean auctor gravida sem. Praesent id massa id nisl venenatis lacinia.","pesZakopany":"Vestibulum ante ipsum primis in faucibus orci luctus et ultrices posuere cubilia Curae, Duis faucibus accumsan odio."}]'),
    (25, 3, true, true, 'Lawrence Watson', '2015-05-16 14:27:19', '[{"preferovanaDruzina":5,"datumNarodenia":"2016-02-04","studiumPraca":"Aliquam sit amet diam in magna bibendum imperdiet.","adresa":"45140 Elmside Pass","telefon":"63-(845)721-7427","email":"wchavez0@diigo.com","rodneCislo":"547-47-8326","alternativnaDruzina":"Vestibulum sed magna at nunc commodo placerat.","celych14dni":"Donec vitae nisi.","odkialSaDozvedel":"Integer ac leo.","coNakoniecMotivovalo":"Fusce congue, diam id ornare imperdiet, sapien urna pretium nisl, ut volutpat sapien arcu sed augue.","telesnyStav":"Aliquam erat volutpat. In congue.","zavislost":"Maecenas tristique, est et tempus semper, est quam pharetra magna, ac consequat metus sapien ut nunc. Vestibulum ante ipsum primis in faucibus orci luctus et ultrices posuere cubilia Curae, Mauris viverra diam vitae quam.","zrucnost":"Cras mi pede, malesuada in, imperdiet et, commodo vulputate, justo. In blandit ultrices enim.","zlozilSiKostiNaNoc":"Vestibulum ac est lacinia nisi venenatis tristique. Fusce congue, diam id ornare imperdiet, sapien urna pretium nisl, ut volutpat sapien arcu sed augue.","bolSiUzNaTabore":"Morbi non quam nec dui luctus rutrum. Nulla tellus.","bojisSa":"Integer aliquet, massa id lobortis convallis, tortor risus dapibus augue, vel accumsan tellus nisi eu orci. Mauris lacinia sapien quis libero.","radSaHras":"Cras non velit nec nisi vulputate nonummy.","coTaPotesi":"Phasellus sit amet erat.","ukryvatMyslienky":"Nulla justo. Aliquam quis turpis eget elit sodales scelerisque.","jedlo":"Vivamus in felis eu sapien cursus vestibulum. Proin eu mi.","znaky":"Morbi non lectus.","basen":"Integer ac neque. Duis bibendum. Morbi non quam nec dui luctus rutrum. Nulla tellus. In sagittis dui vel nisl.","nevsednaVlastnost":"Vestibulum sed magna at nunc commodo placerat.","desatVeci":"Suspendisse ornare consequat lectus.","hudba":"Quisque arcu libero, rutrum ac, lobortis vel, dapibus at, diam.","coSiSlubujes":"Aliquam quis turpis eget elit sodales scelerisque.","dubova":"Donec diam neque, vestibulum eget, vulputate ut, ultrices vel, augue.","pesZakopany":"Donec quis orci eget orci vehicula condimentum. Curabitur in libero ut massa volutpat convallis."}]'),
    (26, 1, false, true, 'Timothy Oliver', '2015-12-21 08:14:47', '[{"preferovanaDruzina":4,"datumNarodenia":"2016-03-10","studiumPraca":"Proin eu mi.","adresa":"8746 Hagan Parkway","telefon":"62-(374)984-7331","email":"jwalker0@newyorker.com","rodneCislo":"429-56-1858","alternativnaDruzina":"Nullam molestie nibh in lectus. Pellentesque at nulla.","celych14dni":"In quis justo.","odkialSaDozvedel":"Aliquam erat volutpat.","coNakoniecMotivovalo":"Aenean fermentum.","telesnyStav":"Quisque id justo sit amet sapien dignissim vestibulum.","zavislost":"Morbi a ipsum. Integer a nibh.","zrucnost":"Maecenas rhoncus aliquam lacus.","zlozilSiKostiNaNoc":"Duis consequat dui nec nisi volutpat eleifend.","bolSiUzNaTabore":"Phasellus sit amet erat.","bojisSa":"In hac habitasse platea dictumst. Etiam faucibus cursus urna.","radSaHras":"Nunc purus.","coTaPotesi":"Ut at dolor quis odio consequat varius.","ukryvatMyslienky":"Integer a nibh.","jedlo":"Morbi a ipsum. Integer a nibh.","znaky":"Morbi porttitor lorem id ligula.","basen":"Maecenas tincidunt lacus at velit. Vivamus vel nulla eget eros elementum pellentesque. Quisque porta volutpat erat. Quisque erat eros, viverra eget, congue eget, semper rutrum, nulla. Nunc purus. Phasellus in felis.","nevsednaVlastnost":"Duis bibendum, felis sed interdum venenatis, turpis enim blandit mi, in porttitor pede justo eu massa.","desatVeci":"Nulla justo.","hudba":"Aliquam augue quam, sollicitudin vitae, consectetuer eget, rutrum at, lorem. Integer tincidunt ante vel ipsum.","coSiSlubujes":"Morbi a ipsum. Integer a nibh.","dubova":"Suspendisse potenti. In eleifend quam a odio.","pesZakopany":"In hac habitasse platea dictumst. Etiam faucibus cursus urna."}]'),
    (27, 6, false, false, 'Albert Howell', '2015-09-08 10:38:16', '[{"preferovanaDruzina":3,"datumNarodenia":"2016-03-05","studiumPraca":null,"adresa":"181 Texas Plaza","telefon":"386-(255)518-1654","email":"dshaw0@histats.com","rodneCislo":"579-19-9277","alternativnaDruzina":null,"celych14dni":"Etiam vel augue.","odkialSaDozvedel":null,"coNakoniecMotivovalo":null,"telesnyStav":null,"zavislost":null,"zrucnost":null,"zlozilSiKostiNaNoc":null,"bolSiUzNaTabore":null,"bojisSa":null,"radSaHras":null,"coTaPotesi":null,"ukryvatMyslienky":null,"jedlo":null,"znaky":null,"basen":"Maecenas rhoncus aliquam lacus. Morbi quis tortor id nulla ultrices aliquet. Maecenas leo odio, condimentum id, luctus nec, molestie sed, justo.","nevsednaVlastnost":null,"desatVeci":null,"hudba":null,"coSiSlubujes":null,"dubova":null,"pesZakopany":null}]'),
    (28, 4, true, false, 'Carlos Kelly', '2015-07-19 08:25:03', '[{"preferovanaDruzina":3,"datumNarodenia":"2016-03-11","studiumPraca":"Pellentesque eget nunc.","adresa":"2 Amoth Point","telefon":"62-(944)508-2663","email":"lbradley0@omniture.com","rodneCislo":"426-95-0971","alternativnaDruzina":"Vestibulum rutrum rutrum neque.","celych14dni":"Nam ultrices, libero non mattis pulvinar, nulla pede ullamcorper augue, a suscipit nulla elit ac nulla.","odkialSaDozvedel":"Duis at velit eu est congue elementum.","coNakoniecMotivovalo":"Nullam molestie nibh in lectus. Pellentesque at nulla.","telesnyStav":"Proin leo odio, porttitor id, consequat in, consequat ut, nulla. Sed accumsan felis.","zavislost":"Nullam porttitor lacus at turpis.","zrucnost":"Duis mattis egestas metus.","zlozilSiKostiNaNoc":"Curabitur convallis.","bolSiUzNaTabore":"Nullam varius.","bojisSa":"In sagittis dui vel nisl.","radSaHras":"Praesent blandit lacinia erat. Vestibulum sed magna at nunc commodo placerat.","coTaPotesi":"Duis at velit eu est congue elementum.","ukryvatMyslienky":"In hac habitasse platea dictumst.","jedlo":"Mauris ullamcorper purus sit amet nulla.","znaky":"Fusce posuere felis sed lacus. Morbi sem mauris, laoreet ut, rhoncus aliquet, pulvinar sed, nisl.","basen":"Morbi porttitor lorem id ligula. Suspendisse ornare consequat lectus. In est risus, auctor sed, tristique in, tempus sit amet, sem. Fusce consequat. Nulla nisl. Nunc nisl.","nevsednaVlastnost":"Fusce posuere felis sed lacus. Morbi sem mauris, laoreet ut, rhoncus aliquet, pulvinar sed, nisl.","desatVeci":"Suspendisse potenti.","hudba":"Curabitur at ipsum ac tellus semper interdum. Mauris ullamcorper purus sit amet nulla.","coSiSlubujes":"Pellentesque viverra pede ac diam. Cras pellentesque volutpat dui.","dubova":"Curabitur in libero ut massa volutpat convallis. Morbi odio odio, elementum eu, interdum eu, tincidunt in, leo.","pesZakopany":"Morbi sem mauris, laoreet ut, rhoncus aliquet, pulvinar sed, nisl."}]'),
    (29, 2, true, false, 'Harold Martin', '2015-06-19 15:00:10', '[{"preferovanaDruzina":2,"datumNarodenia":"2015-10-05","studiumPraca":"Praesent blandit lacinia erat.","adresa":"7 Dottie Parkway","telefon":"359-(265)855-5881","email":"jholmes0@smugmug.com","rodneCislo":"137-49-0212","alternativnaDruzina":"Donec odio justo, sollicitudin ut, suscipit a, feugiat et, eros.","celych14dni":"Proin interdum mauris non ligula pellentesque ultrices.","odkialSaDozvedel":"In sagittis dui vel nisl.","coNakoniecMotivovalo":"Aliquam erat volutpat. In congue.","telesnyStav":"Morbi a ipsum. Integer a nibh.","zavislost":"Suspendisse potenti. Cras in purus eu magna vulputate luctus.","zrucnost":"Morbi porttitor lorem id ligula.","zlozilSiKostiNaNoc":"Morbi porttitor lorem id ligula.","bolSiUzNaTabore":"Suspendisse potenti. In eleifend quam a odio.","bojisSa":"Vestibulum ante ipsum primis in faucibus orci luctus et ultrices posuere cubilia Curae, Mauris viverra diam vitae quam. Suspendisse potenti.","radSaHras":"Fusce consequat. Nulla nisl.","coTaPotesi":"Lorem ipsum dolor sit amet, consectetuer adipiscing elit. Proin risus.","ukryvatMyslienky":"Donec odio justo, sollicitudin ut, suscipit a, feugiat et, eros. Vestibulum ac est lacinia nisi venenatis tristique.","jedlo":"Donec semper sapien a libero. Nam dui.","znaky":"Aliquam quis turpis eget elit sodales scelerisque. Mauris sit amet eros.","basen":"Ut tellus. Nulla ut erat id mauris vulputate elementum.","nevsednaVlastnost":"Donec ut dolor. Morbi vel lectus in quam fringilla rhoncus.","desatVeci":"Vivamus in felis eu sapien cursus vestibulum. Proin eu mi.","hudba":"Mauris lacinia sapien quis libero.","coSiSlubujes":"Integer aliquet, massa id lobortis convallis, tortor risus dapibus augue, vel accumsan tellus nisi eu orci. Mauris lacinia sapien quis libero.","dubova":"Nam dui. Proin leo odio, porttitor id, consequat in, consequat ut, nulla.","pesZakopany":"Lorem ipsum dolor sit amet, consectetuer adipiscing elit."}]'),
    (30, 1, true, false, 'Wanda Young', '2015-11-30 21:59:04', '[{"preferovanaDruzina":4,"datumNarodenia":"2015-06-15","studiumPraca":null,"adresa":"820 Mcguire Pass","telefon":"7-(494)896-7209","email":"ewilson0@intel.com","rodneCislo":"699-74-4939","alternativnaDruzina":null,"celych14dni":"Donec diam neque, vestibulum eget, vulputate ut, ultrices vel, augue.","odkialSaDozvedel":null,"coNakoniecMotivovalo":null,"telesnyStav":null,"zavislost":null,"zrucnost":null,"zlozilSiKostiNaNoc":null,"bolSiUzNaTabore":null,"bojisSa":null,"radSaHras":null,"coTaPotesi":null,"ukryvatMyslienky":null,"jedlo":null,"znaky":null,"basen":"Phasellus id sapien in sapien iaculis congue. Vivamus metus arcu, adipiscing molestie, hendrerit at, vulputate vitae, nisl.","nevsednaVlastnost":null,"desatVeci":null,"hudba":null,"coSiSlubujes":null,"dubova":null,"pesZakopany":null}]'),
    (31, 1, true, false, 'Patricia Mills', '2015-11-12 22:29:35', '[{"preferovanaDruzina":3,"datumNarodenia":"2015-05-02","studiumPraca":null,"adresa":"0 Esker Drive","telefon":"381-(196)157-3870","email":"fweaver0@about.com","rodneCislo":"629-76-1671","alternativnaDruzina":null,"celych14dni":"Integer tincidunt ante vel ipsum.","odkialSaDozvedel":null,"coNakoniecMotivovalo":null,"telesnyStav":null,"zavislost":null,"zrucnost":null,"zlozilSiKostiNaNoc":null,"bolSiUzNaTabore":null,"bojisSa":null,"radSaHras":null,"coTaPotesi":null,"ukryvatMyslienky":null,"jedlo":null,"znaky":null,"basen":"Phasellus id sapien in sapien iaculis congue.","nevsednaVlastnost":null,"desatVeci":null,"hudba":null,"coSiSlubujes":null,"dubova":null,"pesZakopany":null}]'),
    (32, 3, true, false, 'Mark Mcdonald', '2015-06-10 23:57:57', '[{"preferovanaDruzina":3,"datumNarodenia":"2015-07-22","studiumPraca":null,"adresa":"895 Summerview Terrace","telefon":"358-(852)416-0611","email":"jporter0@ebay.co.uk","rodneCislo":"496-84-1541","alternativnaDruzina":null,"celych14dni":"Vestibulum ante ipsum primis in faucibus orci luctus et ultrices posuere cubilia Curae, Mauris viverra diam vitae quam.","odkialSaDozvedel":null,"coNakoniecMotivovalo":null,"telesnyStav":null,"zavislost":null,"zrucnost":null,"zlozilSiKostiNaNoc":null,"bolSiUzNaTabore":null,"bojisSa":null,"radSaHras":null,"coTaPotesi":null,"ukryvatMyslienky":null,"jedlo":null,"znaky":null,"basen":"Phasellus in felis. Donec semper sapien a libero. Nam dui. Proin leo odio, porttitor id, consequat in, consequat ut, nulla. Sed accumsan felis. Ut at dolor quis odio consequat varius.","nevsednaVlastnost":null,"desatVeci":null,"hudba":null,"coSiSlubujes":null,"dubova":null,"pesZakopany":null}]'),
    (33, 1, true, false, 'Ronald Sanders', '2016-02-19 06:53:02', '[{"preferovanaDruzina":5,"datumNarodenia":"2015-12-13","studiumPraca":null,"adresa":"67196 Karstens Junction","telefon":"380-(682)607-4815","email":"wcook0@drupal.org","rodneCislo":"425-84-6289","alternativnaDruzina":null,"celych14dni":"Cras non velit nec nisi vulputate nonummy.","odkialSaDozvedel":null,"coNakoniecMotivovalo":null,"telesnyStav":null,"zavislost":null,"zrucnost":null,"zlozilSiKostiNaNoc":null,"bolSiUzNaTabore":null,"bojisSa":null,"radSaHras":null,"coTaPotesi":null,"ukryvatMyslienky":null,"jedlo":null,"znaky":null,"basen":"Aenean fermentum. Donec ut mauris eget massa tempor convallis.","nevsednaVlastnost":null,"desatVeci":null,"hudba":null,"coSiSlubujes":null,"dubova":null,"pesZakopany":null}]'),
    (34, 5, false, false, 'Henry Peters', '2015-06-16 17:06:28', '[{"preferovanaDruzina":4,"datumNarodenia":"2016-01-21","studiumPraca":"Duis at velit eu est congue elementum.","adresa":"463 Hanover Junction","telefon":"356-(746)713-3663","email":"jhoward0@narod.ru","rodneCislo":"264-11-6975","alternativnaDruzina":"Quisque erat eros, viverra eget, congue eget, semper rutrum, nulla. Nunc purus.","celych14dni":"In congue.","odkialSaDozvedel":"Etiam justo.","coNakoniecMotivovalo":"Mauris ullamcorper purus sit amet nulla.","telesnyStav":"Nulla mollis molestie lorem.","zavislost":"Donec semper sapien a libero.","zrucnost":"Praesent blandit lacinia erat.","zlozilSiKostiNaNoc":"Suspendisse potenti. In eleifend quam a odio.","bolSiUzNaTabore":"Cras mi pede, malesuada in, imperdiet et, commodo vulputate, justo. In blandit ultrices enim.","bojisSa":"Donec semper sapien a libero.","radSaHras":"Nullam orci pede, venenatis non, sodales sed, tincidunt eu, felis.","coTaPotesi":"Pellentesque ultrices mattis odio. Donec vitae nisi.","ukryvatMyslienky":"Nullam sit amet turpis elementum ligula vehicula consequat. Morbi a ipsum.","jedlo":"In hac habitasse platea dictumst. Etiam faucibus cursus urna.","znaky":"Integer pede justo, lacinia eget, tincidunt eget, tempus vel, pede. Morbi porttitor lorem id ligula.","basen":"Aliquam augue quam, sollicitudin vitae, consectetuer eget, rutrum at, lorem.","nevsednaVlastnost":"In congue.","desatVeci":"Praesent id massa id nisl venenatis lacinia.","hudba":"Vivamus metus arcu, adipiscing molestie, hendrerit at, vulputate vitae, nisl. Aenean lectus.","coSiSlubujes":"Phasellus in felis.","dubova":"Maecenas leo odio, condimentum id, luctus nec, molestie sed, justo.","pesZakopany":"Aliquam non mauris. Morbi non lectus."}]'),
    (35, 6, true, false, 'Clarence Greene', '2015-11-24 11:11:49', '[{"preferovanaDruzina":2,"datumNarodenia":"2015-07-26","studiumPraca":"Praesent lectus.","adresa":"6 Dakota Center","telefon":"81-(646)284-7242","email":"jlane0@amazonaws.com","rodneCislo":"440-23-2352","alternativnaDruzina":"In quis justo. Maecenas rhoncus aliquam lacus.","celych14dni":"Nam tristique tortor eu pede.","odkialSaDozvedel":"Morbi odio odio, elementum eu, interdum eu, tincidunt in, leo. Maecenas pulvinar lobortis est.","coNakoniecMotivovalo":"Suspendisse ornare consequat lectus. In est risus, auctor sed, tristique in, tempus sit amet, sem.","telesnyStav":"Pellentesque viverra pede ac diam.","zavislost":"Vestibulum ante ipsum primis in faucibus orci luctus et ultrices posuere cubilia Curae, Donec pharetra, magna vestibulum aliquet ultrices, erat tortor sollicitudin mi, sit amet lobortis sapien sapien non mi. Integer ac neque.","zrucnost":"Suspendisse potenti.","zlozilSiKostiNaNoc":"Proin eu mi.","bolSiUzNaTabore":"Ut tellus. Nulla ut erat id mauris vulputate elementum.","bojisSa":"Curabitur gravida nisi at nibh.","radSaHras":"Morbi sem mauris, laoreet ut, rhoncus aliquet, pulvinar sed, nisl. Nunc rhoncus dui vel sem.","coTaPotesi":"Nam nulla.","ukryvatMyslienky":"Etiam justo.","jedlo":"Praesent blandit. Nam nulla.","znaky":"Quisque ut erat. Curabitur gravida nisi at nibh.","basen":"Morbi ut odio. Cras mi pede, malesuada in, imperdiet et, commodo vulputate, justo.","nevsednaVlastnost":"Curabitur gravida nisi at nibh.","desatVeci":"Integer non velit. Donec diam neque, vestibulum eget, vulputate ut, ultrices vel, augue.","hudba":"Morbi non quam nec dui luctus rutrum. Nulla tellus.","coSiSlubujes":"Duis ac nibh. Fusce lacus purus, aliquet at, feugiat non, pretium quis, lectus.","dubova":"Ut at dolor quis odio consequat varius.","pesZakopany":"Duis bibendum, felis sed interdum venenatis, turpis enim blandit mi, in porttitor pede justo eu massa. Donec dapibus."}]'),
    (36, 3, false, true, 'Sean Harrison', '2015-08-07 19:28:21', '[{"preferovanaDruzina":5,"datumNarodenia":"2015-07-31","studiumPraca":"Ut at dolor quis odio consequat varius.","adresa":"46 Acker Court","telefon":"1-(123)234-7697","email":"sharper0@woothemes.com","rodneCislo":"639-96-8611","alternativnaDruzina":"Mauris enim leo, rhoncus sed, vestibulum sit amet, cursus id, turpis.","celych14dni":"Curabitur at ipsum ac tellus semper interdum.","odkialSaDozvedel":"Fusce posuere felis sed lacus. Morbi sem mauris, laoreet ut, rhoncus aliquet, pulvinar sed, nisl.","coNakoniecMotivovalo":"Nulla ut erat id mauris vulputate elementum. Nullam varius.","telesnyStav":"Aliquam quis turpis eget elit sodales scelerisque. Mauris sit amet eros.","zavislost":"Etiam pretium iaculis justo.","zrucnost":"Vestibulum ac est lacinia nisi venenatis tristique.","zlozilSiKostiNaNoc":"Cras pellentesque volutpat dui.","bolSiUzNaTabore":"Aliquam quis turpis eget elit sodales scelerisque. Mauris sit amet eros.","bojisSa":"Ut at dolor quis odio consequat varius.","radSaHras":"Vestibulum ante ipsum primis in faucibus orci luctus et ultrices posuere cubilia Curae, Duis faucibus accumsan odio.","coTaPotesi":"Vivamus in felis eu sapien cursus vestibulum.","ukryvatMyslienky":"Nulla neque libero, convallis eget, eleifend luctus, ultricies eu, nibh.","jedlo":"Nulla neque libero, convallis eget, eleifend luctus, ultricies eu, nibh. Quisque id justo sit amet sapien dignissim vestibulum.","znaky":"Quisque erat eros, viverra eget, congue eget, semper rutrum, nulla. Nunc purus.","basen":"In hac habitasse platea dictumst. Maecenas ut massa quis augue luctus tincidunt.","nevsednaVlastnost":"Nulla tempus. Vivamus in felis eu sapien cursus vestibulum.","desatVeci":"In blandit ultrices enim. Lorem ipsum dolor sit amet, consectetuer adipiscing elit.","hudba":"Pellentesque eget nunc. Donec quis orci eget orci vehicula condimentum.","coSiSlubujes":"Nulla ut erat id mauris vulputate elementum.","dubova":"Phasellus id sapien in sapien iaculis congue.","pesZakopany":"Morbi a ipsum."}]'),
    (37, 6, true, false, 'Steve Robertson', '2015-10-23 11:23:03', '[{"preferovanaDruzina":5,"datumNarodenia":"2016-03-23","studiumPraca":"In eleifend quam a odio.","adresa":"01532 Towne Trail","telefon":"55-(654)819-6504","email":"jhunter0@sourceforge.net","rodneCislo":"628-11-9920","alternativnaDruzina":"Etiam justo. Etiam pretium iaculis justo.","celych14dni":"Aliquam sit amet diam in magna bibendum imperdiet.","odkialSaDozvedel":"Maecenas pulvinar lobortis est.","coNakoniecMotivovalo":"Sed vel enim sit amet nunc viverra dapibus.","telesnyStav":"In blandit ultrices enim. Lorem ipsum dolor sit amet, consectetuer adipiscing elit.","zavislost":"Sed sagittis.","zrucnost":"Cum sociis natoque penatibus et magnis dis parturient montes, nascetur ridiculus mus. Vivamus vestibulum sagittis sapien.","zlozilSiKostiNaNoc":"In tempor, turpis nec euismod scelerisque, quam turpis adipiscing lorem, vitae mattis nibh ligula nec sem.","bolSiUzNaTabore":"Morbi quis tortor id nulla ultrices aliquet.","bojisSa":"Vestibulum ac est lacinia nisi venenatis tristique.","radSaHras":"Donec ut mauris eget massa tempor convallis.","coTaPotesi":"Cum sociis natoque penatibus et magnis dis parturient montes, nascetur ridiculus mus. Etiam vel augue.","ukryvatMyslienky":"Cras mi pede, malesuada in, imperdiet et, commodo vulputate, justo. In blandit ultrices enim.","jedlo":"Curabitur convallis.","znaky":"Morbi quis tortor id nulla ultrices aliquet. Maecenas leo odio, condimentum id, luctus nec, molestie sed, justo.","basen":"Morbi quis tortor id nulla ultrices aliquet. Maecenas leo odio, condimentum id, luctus nec, molestie sed, justo. Pellentesque viverra pede ac diam. Cras pellentesque volutpat dui. Maecenas tristique, est et tempus semper, est quam pharetra magna, ac consequat metus sapien ut nunc.","nevsednaVlastnost":"Fusce consequat. Nulla nisl.","desatVeci":"Nullam varius. Nulla facilisi.","hudba":"Etiam pretium iaculis justo.","coSiSlubujes":"In hac habitasse platea dictumst.","dubova":"Lorem ipsum dolor sit amet, consectetuer adipiscing elit. Proin interdum mauris non ligula pellentesque ultrices.","pesZakopany":"Nulla justo."}]'),
    (38, 6, true, false, 'Emily Henry', '2015-10-30 08:46:50', '[{"preferovanaDruzina":5,"datumNarodenia":"2016-04-12","studiumPraca":"Integer pede justo, lacinia eget, tincidunt eget, tempus vel, pede.","adresa":"525 Melby Pass","telefon":"380-(262)709-4620","email":"rfranklin0@ed.gov","rodneCislo":"894-25-7664","alternativnaDruzina":"Vivamus metus arcu, adipiscing molestie, hendrerit at, vulputate vitae, nisl. Aenean lectus.","celych14dni":"Duis ac nibh.","odkialSaDozvedel":"Quisque porta volutpat erat.","coNakoniecMotivovalo":"Mauris lacinia sapien quis libero. Nullam sit amet turpis elementum ligula vehicula consequat.","telesnyStav":"Maecenas tincidunt lacus at velit.","zavislost":"Aenean lectus. Pellentesque eget nunc.","zrucnost":"Lorem ipsum dolor sit amet, consectetuer adipiscing elit.","zlozilSiKostiNaNoc":"Nulla mollis molestie lorem. Quisque ut erat.","bolSiUzNaTabore":"Morbi quis tortor id nulla ultrices aliquet. Maecenas leo odio, condimentum id, luctus nec, molestie sed, justo.","bojisSa":"Maecenas leo odio, condimentum id, luctus nec, molestie sed, justo.","radSaHras":"Proin leo odio, porttitor id, consequat in, consequat ut, nulla.","coTaPotesi":"In congue.","ukryvatMyslienky":"Etiam vel augue. Vestibulum rutrum rutrum neque.","jedlo":"Vestibulum ac est lacinia nisi venenatis tristique. Fusce congue, diam id ornare imperdiet, sapien urna pretium nisl, ut volutpat sapien arcu sed augue.","znaky":"Pellentesque at nulla. Suspendisse potenti.","basen":"Donec semper sapien a libero.","nevsednaVlastnost":"Pellentesque viverra pede ac diam.","desatVeci":"Nulla tempus. Vivamus in felis eu sapien cursus vestibulum.","hudba":"In tempor, turpis nec euismod scelerisque, quam turpis adipiscing lorem, vitae mattis nibh ligula nec sem. Duis aliquam convallis nunc.","coSiSlubujes":"Morbi sem mauris, laoreet ut, rhoncus aliquet, pulvinar sed, nisl.","dubova":"Vivamus in felis eu sapien cursus vestibulum.","pesZakopany":"Vestibulum ante ipsum primis in faucibus orci luctus et ultrices posuere cubilia Curae, Nulla dapibus dolor vel est. Donec odio justo, sollicitudin ut, suscipit a, feugiat et, eros."}]'),
    (39, 6, true, true, 'Teresa Peterson', '2015-12-12 15:35:17', '[{"preferovanaDruzina":4,"datumNarodenia":"2016-04-11","studiumPraca":null,"adresa":"7 Kensington Hill","telefon":"49-(476)797-2105","email":"breed0@springer.com","rodneCislo":"109-65-3216","alternativnaDruzina":null,"celych14dni":"Mauris lacinia sapien quis libero.","odkialSaDozvedel":null,"coNakoniecMotivovalo":null,"telesnyStav":null,"zavislost":null,"zrucnost":null,"zlozilSiKostiNaNoc":null,"bolSiUzNaTabore":null,"bojisSa":null,"radSaHras":null,"coTaPotesi":null,"ukryvatMyslienky":null,"jedlo":null,"znaky":null,"basen":"Aliquam non mauris. Morbi non lectus. Aliquam sit amet diam in magna bibendum imperdiet.","nevsednaVlastnost":null,"desatVeci":null,"hudba":null,"coSiSlubujes":null,"dubova":null,"pesZakopany":null}]'),
    (40, 4, true, false, 'Christine Porter', '2015-06-30 01:12:19', '[{"preferovanaDruzina":3,"datumNarodenia":"2016-03-19","studiumPraca":null,"adresa":"429 Florence Center","telefon":"960-(479)982-4842","email":"kduncan0@qq.com","rodneCislo":"270-93-3902","alternativnaDruzina":null,"celych14dni":"Donec odio justo, sollicitudin ut, suscipit a, feugiat et, eros.","odkialSaDozvedel":null,"coNakoniecMotivovalo":null,"telesnyStav":null,"zavislost":null,"zrucnost":null,"zlozilSiKostiNaNoc":null,"bolSiUzNaTabore":null,"bojisSa":null,"radSaHras":null,"coTaPotesi":null,"ukryvatMyslienky":null,"jedlo":null,"znaky":null,"basen":"Nullam orci pede, venenatis non, sodales sed, tincidunt eu, felis.","nevsednaVlastnost":null,"desatVeci":null,"hudba":null,"coSiSlubujes":null,"dubova":null,"pesZakopany":null}]'),
    (41, 1, false, true, 'Terry Daniels', '2015-11-21 23:09:49', '[{"preferovanaDruzina":5,"datumNarodenia":"2015-04-27","studiumPraca":"Nam ultrices, libero non mattis pulvinar, nulla pede ullamcorper augue, a suscipit nulla elit ac nulla.","adresa":"3 Thackeray Point","telefon":"86-(774)113-5631","email":"jhawkins0@house.gov","rodneCislo":"856-81-9366","alternativnaDruzina":"Duis bibendum, felis sed interdum venenatis, turpis enim blandit mi, in porttitor pede justo eu massa. Donec dapibus.","celych14dni":"Quisque porta volutpat erat.","odkialSaDozvedel":"Morbi vestibulum, velit id pretium iaculis, diam erat fermentum justo, nec condimentum neque sapien placerat ante.","coNakoniecMotivovalo":"Nunc nisl. Duis bibendum, felis sed interdum venenatis, turpis enim blandit mi, in porttitor pede justo eu massa.","telesnyStav":"Fusce consequat. Nulla nisl.","zavislost":"Lorem ipsum dolor sit amet, consectetuer adipiscing elit. Proin risus.","zrucnost":"Phasellus in felis.","zlozilSiKostiNaNoc":"Maecenas ut massa quis augue luctus tincidunt.","bolSiUzNaTabore":"Aenean fermentum. Donec ut mauris eget massa tempor convallis.","bojisSa":"Vestibulum ante ipsum primis in faucibus orci luctus et ultrices posuere cubilia Curae, Donec pharetra, magna vestibulum aliquet ultrices, erat tortor sollicitudin mi, sit amet lobortis sapien sapien non mi.","radSaHras":"Duis bibendum. Morbi non quam nec dui luctus rutrum.","coTaPotesi":"Proin at turpis a pede posuere nonummy.","ukryvatMyslienky":"Nulla justo.","jedlo":"Morbi ut odio. Cras mi pede, malesuada in, imperdiet et, commodo vulputate, justo.","znaky":"Proin leo odio, porttitor id, consequat in, consequat ut, nulla.","basen":"Cras in purus eu magna vulputate luctus. Cum sociis natoque penatibus et magnis dis parturient montes, nascetur ridiculus mus. Vivamus vestibulum sagittis sapien. Cum sociis natoque penatibus et magnis dis parturient montes, nascetur ridiculus mus.","nevsednaVlastnost":"Curabitur gravida nisi at nibh. In hac habitasse platea dictumst.","desatVeci":"Ut tellus.","hudba":"In hac habitasse platea dictumst.","coSiSlubujes":"Nulla facilisi.","dubova":"Praesent lectus. Vestibulum quam sapien, varius ut, blandit non, interdum in, ante.","pesZakopany":"Aliquam erat volutpat."}]'),
    (42, 4, false, true, 'Wanda Henderson', '2015-07-24 06:22:31', '[{"preferovanaDruzina":2,"datumNarodenia":"2015-11-10","studiumPraca":null,"adresa":"42 Eastlawn Plaza","telefon":"86-(691)866-2087","email":"nlittle0@mayoclinic.com","rodneCislo":"977-58-1743","alternativnaDruzina":null,"celych14dni":"Donec vitae nisi.","odkialSaDozvedel":null,"coNakoniecMotivovalo":null,"telesnyStav":null,"zavislost":null,"zrucnost":null,"zlozilSiKostiNaNoc":null,"bolSiUzNaTabore":null,"bojisSa":null,"radSaHras":null,"coTaPotesi":null,"ukryvatMyslienky":null,"jedlo":null,"znaky":null,"basen":"Sed ante.","nevsednaVlastnost":null,"desatVeci":null,"hudba":null,"coSiSlubujes":null,"dubova":null,"pesZakopany":null}]'),
    (43, 4, true, false, 'Rebecca Kelly', '2015-05-05 00:18:51', '[{"preferovanaDruzina":5,"datumNarodenia":"2015-05-20","studiumPraca":null,"adresa":"6 Fallview Center","telefon":"86-(844)177-3413","email":"nsimpson0@imdb.com","rodneCislo":"924-43-9902","alternativnaDruzina":null,"celych14dni":"Cum sociis natoque penatibus et magnis dis parturient montes, nascetur ridiculus mus.","odkialSaDozvedel":null,"coNakoniecMotivovalo":null,"telesnyStav":null,"zavislost":null,"zrucnost":null,"zlozilSiKostiNaNoc":null,"bolSiUzNaTabore":null,"bojisSa":null,"radSaHras":null,"coTaPotesi":null,"ukryvatMyslienky":null,"jedlo":null,"znaky":null,"basen":"Phasellus id sapien in sapien iaculis congue. Vivamus metus arcu, adipiscing molestie, hendrerit at, vulputate vitae, nisl. Aenean lectus. Pellentesque eget nunc. Donec quis orci eget orci vehicula condimentum.","nevsednaVlastnost":null,"desatVeci":null,"hudba":null,"coSiSlubujes":null,"dubova":null,"pesZakopany":null}]'),
    (44, 5, false, false, 'Melissa Austin', '2015-12-13 11:05:13', '[{"preferovanaDruzina":2,"datumNarodenia":"2015-11-09","studiumPraca":"Morbi quis tortor id nulla ultrices aliquet.","adresa":"7118 Kinsman Junction","telefon":"7-(863)166-4751","email":"dsnyder0@hhs.gov","rodneCislo":"970-21-3332","alternativnaDruzina":"Etiam faucibus cursus urna.","celych14dni":"Nulla nisl.","odkialSaDozvedel":"Phasellus in felis. Donec semper sapien a libero.","coNakoniecMotivovalo":"Vestibulum ante ipsum primis in faucibus orci luctus et ultrices posuere cubilia Curae, Mauris viverra diam vitae quam. Suspendisse potenti.","telesnyStav":"Mauris sit amet eros. Suspendisse accumsan tortor quis turpis.","zavislost":"Proin risus.","zrucnost":"In tempor, turpis nec euismod scelerisque, quam turpis adipiscing lorem, vitae mattis nibh ligula nec sem.","zlozilSiKostiNaNoc":"Aliquam quis turpis eget elit sodales scelerisque. Mauris sit amet eros.","bolSiUzNaTabore":"In hac habitasse platea dictumst. Maecenas ut massa quis augue luctus tincidunt.","bojisSa":"Aenean sit amet justo. Morbi ut odio.","radSaHras":"Duis bibendum.","coTaPotesi":"Suspendisse ornare consequat lectus. In est risus, auctor sed, tristique in, tempus sit amet, sem.","ukryvatMyslienky":"Cum sociis natoque penatibus et magnis dis parturient montes, nascetur ridiculus mus. Vivamus vestibulum sagittis sapien.","jedlo":"Curabitur convallis. Duis consequat dui nec nisi volutpat eleifend.","znaky":"Sed sagittis.","basen":"Duis at velit eu est congue elementum. In hac habitasse platea dictumst. Morbi vestibulum, velit id pretium iaculis, diam erat fermentum justo, nec condimentum neque sapien placerat ante. Nulla justo.","nevsednaVlastnost":"Nullam sit amet turpis elementum ligula vehicula consequat.","desatVeci":"Ut tellus.","hudba":"Morbi porttitor lorem id ligula.","coSiSlubujes":"Lorem ipsum dolor sit amet, consectetuer adipiscing elit. Proin risus.","dubova":"Maecenas pulvinar lobortis est.","pesZakopany":"Suspendisse ornare consequat lectus."}]'),
    (45, 1, true, true, 'David Jordan', '2015-07-29 20:47:19', '[{"preferovanaDruzina":3,"datumNarodenia":"2015-12-13","studiumPraca":null,"adresa":"12 Superior Park","telefon":"389-(701)697-4528","email":"jcooper0@baidu.com","rodneCislo":"588-76-0367","alternativnaDruzina":null,"celych14dni":"Etiam pretium iaculis justo.","odkialSaDozvedel":null,"coNakoniecMotivovalo":null,"telesnyStav":null,"zavislost":null,"zrucnost":null,"zlozilSiKostiNaNoc":null,"bolSiUzNaTabore":null,"bojisSa":null,"radSaHras":null,"coTaPotesi":null,"ukryvatMyslienky":null,"jedlo":null,"znaky":null,"basen":"Nam dui. Proin leo odio, porttitor id, consequat in, consequat ut, nulla. Sed accumsan felis.","nevsednaVlastnost":null,"desatVeci":null,"hudba":null,"coSiSlubujes":null,"dubova":null,"pesZakopany":null}]'),
    (46, 3, false, false, 'Donna Payne', '2015-10-20 21:31:24', '[{"preferovanaDruzina":3,"datumNarodenia":"2016-02-25","studiumPraca":"Curabitur in libero ut massa volutpat convallis.","adresa":"46632 Swallow Road","telefon":"33-(748)107-6160","email":"rharvey0@redcross.org","rodneCislo":"417-24-5738","alternativnaDruzina":"Praesent lectus.","celych14dni":"In quis justo.","odkialSaDozvedel":"Integer non velit. Donec diam neque, vestibulum eget, vulputate ut, ultrices vel, augue.","coNakoniecMotivovalo":"Morbi vel lectus in quam fringilla rhoncus. Mauris enim leo, rhoncus sed, vestibulum sit amet, cursus id, turpis.","telesnyStav":"Morbi ut odio.","zavislost":"Duis consequat dui nec nisi volutpat eleifend. Donec ut dolor.","zrucnost":"Vestibulum ante ipsum primis in faucibus orci luctus et ultrices posuere cubilia Curae, Mauris viverra diam vitae quam. Suspendisse potenti.","zlozilSiKostiNaNoc":"Cum sociis natoque penatibus et magnis dis parturient montes, nascetur ridiculus mus.","bolSiUzNaTabore":"Cum sociis natoque penatibus et magnis dis parturient montes, nascetur ridiculus mus.","bojisSa":"Duis bibendum, felis sed interdum venenatis, turpis enim blandit mi, in porttitor pede justo eu massa. Donec dapibus.","radSaHras":"Ut at dolor quis odio consequat varius. Integer ac leo.","coTaPotesi":"Nunc purus. Phasellus in felis.","ukryvatMyslienky":"Vestibulum quam sapien, varius ut, blandit non, interdum in, ante. Vestibulum ante ipsum primis in faucibus orci luctus et ultrices posuere cubilia Curae, Duis faucibus accumsan odio.","jedlo":"Sed accumsan felis.","znaky":"Proin at turpis a pede posuere nonummy.","basen":"Nulla suscipit ligula in lacus. Curabitur at ipsum ac tellus semper interdum. Mauris ullamcorper purus sit amet nulla. Quisque arcu libero, rutrum ac, lobortis vel, dapibus at, diam.","nevsednaVlastnost":"Donec posuere metus vitae ipsum. Aliquam non mauris.","desatVeci":"Aenean auctor gravida sem.","hudba":"Cum sociis natoque penatibus et magnis dis parturient montes, nascetur ridiculus mus.","coSiSlubujes":"Ut at dolor quis odio consequat varius. Integer ac leo.","dubova":"Donec vitae nisi. Nam ultrices, libero non mattis pulvinar, nulla pede ullamcorper augue, a suscipit nulla elit ac nulla.","pesZakopany":"Quisque porta volutpat erat."}]'),
    (47, 3, false, true, 'Jonathan Cruz', '2015-05-17 00:44:58', '[{"preferovanaDruzina":5,"datumNarodenia":"2015-07-28","studiumPraca":"Vestibulum ante ipsum primis in faucibus orci luctus et ultrices posuere cubilia Curae, Duis faucibus accumsan odio.","adresa":"4147 Sullivan Hill","telefon":"63-(197)234-8176","email":"wmatthews0@tinyurl.com","rodneCislo":"234-35-6743","alternativnaDruzina":"Vestibulum ac est lacinia nisi venenatis tristique.","celych14dni":"Nulla justo.","odkialSaDozvedel":"Aenean fermentum. Donec ut mauris eget massa tempor convallis.","coNakoniecMotivovalo":"Etiam justo.","telesnyStav":"Donec dapibus. Duis at velit eu est congue elementum.","zavislost":"Aliquam quis turpis eget elit sodales scelerisque. Mauris sit amet eros.","zrucnost":"Donec posuere metus vitae ipsum. Aliquam non mauris.","zlozilSiKostiNaNoc":"Maecenas tristique, est et tempus semper, est quam pharetra magna, ac consequat metus sapien ut nunc. Vestibulum ante ipsum primis in faucibus orci luctus et ultrices posuere cubilia Curae, Mauris viverra diam vitae quam.","bolSiUzNaTabore":"Vivamus in felis eu sapien cursus vestibulum. Proin eu mi.","bojisSa":"Etiam vel augue.","radSaHras":"Nulla facilisi.","coTaPotesi":"Vestibulum ante ipsum primis in faucibus orci luctus et ultrices posuere cubilia Curae, Donec pharetra, magna vestibulum aliquet ultrices, erat tortor sollicitudin mi, sit amet lobortis sapien sapien non mi.","ukryvatMyslienky":"Integer ac neque.","jedlo":"Nullam molestie nibh in lectus.","znaky":"Aenean sit amet justo. Morbi ut odio.","basen":"Morbi non quam nec dui luctus rutrum. Nulla tellus. In sagittis dui vel nisl. Duis ac nibh. Fusce lacus purus, aliquet at, feugiat non, pretium quis, lectus.","nevsednaVlastnost":"Morbi odio odio, elementum eu, interdum eu, tincidunt in, leo.","desatVeci":"Pellentesque viverra pede ac diam.","hudba":"Vivamus tortor. Duis mattis egestas metus.","coSiSlubujes":"Curabitur in libero ut massa volutpat convallis.","dubova":"Nulla mollis molestie lorem.","pesZakopany":"Morbi sem mauris, laoreet ut, rhoncus aliquet, pulvinar sed, nisl. Nunc rhoncus dui vel sem."}]'),
    (48, 1, true, true, 'Diane Smith', '2016-02-23 15:15:15', '[{"preferovanaDruzina":5,"datumNarodenia":"2015-11-23","studiumPraca":"Pellentesque viverra pede ac diam.","adresa":"63122 Tennessee Plaza","telefon":"86-(121)474-1910","email":"rjenkins0@e-recht24.de","rodneCislo":"808-59-4512","alternativnaDruzina":"Quisque arcu libero, rutrum ac, lobortis vel, dapibus at, diam.","celych14dni":"Nulla tellus.","odkialSaDozvedel":"Vestibulum quam sapien, varius ut, blandit non, interdum in, ante.","coNakoniecMotivovalo":"Donec ut dolor. Morbi vel lectus in quam fringilla rhoncus.","telesnyStav":"Aliquam quis turpis eget elit sodales scelerisque.","zavislost":"Sed ante.","zrucnost":"Duis consequat dui nec nisi volutpat eleifend.","zlozilSiKostiNaNoc":"Nulla nisl. Nunc nisl.","bolSiUzNaTabore":"In sagittis dui vel nisl.","bojisSa":"Proin leo odio, porttitor id, consequat in, consequat ut, nulla. Sed accumsan felis.","radSaHras":"Maecenas tincidunt lacus at velit. Vivamus vel nulla eget eros elementum pellentesque.","coTaPotesi":"Nulla mollis molestie lorem.","ukryvatMyslienky":"Praesent blandit.","jedlo":"Suspendisse ornare consequat lectus. In est risus, auctor sed, tristique in, tempus sit amet, sem.","znaky":"In sagittis dui vel nisl.","basen":"Nullam porttitor lacus at turpis.","nevsednaVlastnost":"Donec semper sapien a libero. Nam dui.","desatVeci":"Nullam sit amet turpis elementum ligula vehicula consequat. Morbi a ipsum.","hudba":"Nulla suscipit ligula in lacus. Curabitur at ipsum ac tellus semper interdum.","coSiSlubujes":"Pellentesque eget nunc. Donec quis orci eget orci vehicula condimentum.","dubova":"Nullam orci pede, venenatis non, sodales sed, tincidunt eu, felis.","pesZakopany":"Lorem ipsum dolor sit amet, consectetuer adipiscing elit. Proin interdum mauris non ligula pellentesque ultrices."}]'),
    (49, 5, false, true, 'Amy Brown', '2015-09-11 14:50:52', '[{"preferovanaDruzina":3,"datumNarodenia":"2015-06-24","studiumPraca":null,"adresa":"10592 Charing Cross Road","telefon":"504-(478)557-3187","email":"dmartin0@t-online.de","rodneCislo":"955-28-9192","alternativnaDruzina":null,"celych14dni":"In est risus, auctor sed, tristique in, tempus sit amet, sem.","odkialSaDozvedel":null,"coNakoniecMotivovalo":null,"telesnyStav":null,"zavislost":null,"zrucnost":null,"zlozilSiKostiNaNoc":null,"bolSiUzNaTabore":null,"bojisSa":null,"radSaHras":null,"coTaPotesi":null,"ukryvatMyslienky":null,"jedlo":null,"znaky":null,"basen":"Aenean sit amet justo. Morbi ut odio. Cras mi pede, malesuada in, imperdiet et, commodo vulputate, justo.","nevsednaVlastnost":null,"desatVeci":null,"hudba":null,"coSiSlubujes":null,"dubova":null,"pesZakopany":null}]'),
    (50, 5, true, false, 'Sean Hudson', '2015-10-21 00:30:58', '[{"preferovanaDruzina":3,"datumNarodenia":"2015-05-13","studiumPraca":"Morbi quis tortor id nulla ultrices aliquet.","adresa":"15186 Sheridan Lane","telefon":"34-(807)931-0886","email":"bwalker0@psu.edu","rodneCislo":"440-61-6928","alternativnaDruzina":"Fusce lacus purus, aliquet at, feugiat non, pretium quis, lectus.","celych14dni":"Aliquam quis turpis eget elit sodales scelerisque.","odkialSaDozvedel":"Donec quis orci eget orci vehicula condimentum.","coNakoniecMotivovalo":"Duis mattis egestas metus.","telesnyStav":"Mauris lacinia sapien quis libero. Nullam sit amet turpis elementum ligula vehicula consequat.","zavislost":"Maecenas rhoncus aliquam lacus.","zrucnost":"Nulla justo. Aliquam quis turpis eget elit sodales scelerisque.","zlozilSiKostiNaNoc":"Morbi non lectus. Aliquam sit amet diam in magna bibendum imperdiet.","bolSiUzNaTabore":"Nullam molestie nibh in lectus.","bojisSa":"Morbi ut odio.","radSaHras":"Quisque ut erat. Curabitur gravida nisi at nibh.","coTaPotesi":"Integer non velit. Donec diam neque, vestibulum eget, vulputate ut, ultrices vel, augue.","ukryvatMyslienky":"Phasellus sit amet erat.","jedlo":"Proin at turpis a pede posuere nonummy.","znaky":"Vivamus tortor.","basen":"Duis aliquam convallis nunc. Proin at turpis a pede posuere nonummy. Integer non velit.","nevsednaVlastnost":"Maecenas pulvinar lobortis est. Phasellus sit amet erat.","desatVeci":"Nulla suscipit ligula in lacus. Curabitur at ipsum ac tellus semper interdum.","hudba":"Sed vel enim sit amet nunc viverra dapibus.","coSiSlubujes":"Nulla tellus.","dubova":"Morbi vel lectus in quam fringilla rhoncus. Mauris enim leo, rhoncus sed, vestibulum sit amet, cursus id, turpis.","pesZakopany":"In hac habitasse platea dictumst."}]');

insert into organizers (id, name, token) values
    (1, 'Ruth', null),
    (2, 'Steve', null),
    (3, 'Pamela', null),
    (4, 'Susan', null),
    (5, 'Janice', null),
    (6, 'Joan', null),
    (7, 'Craig', null),
    (8, 'Linda', null),
    (9, 'Kathy', null),
    (10, 'Raymond', null),
    (11, 'Douglas', null),
    (12, 'Carl', null),
    (13, 'Denise', null),
    (14, 'Heather', null),
    (15, 'Louis', null),
    (16, 'Aaron', null),
    (17, 'Walter', null),
    (18, 'Wanda', null),
    (19, 'Deborah', null),
    (20, 'Lisa', null),
    (21, 'Harold', null),
    (22, 'Howard', null),
    (23, 'Dorothy', null),
    (24, 'Samuel', null),
    (25, 'Bonnie', null),
    (26, 'Evelyn', null),
    (27, 'Amy', null),
    (28, 'Paul', null),
    (29, 'Joyce', null),
    (30, 'Maria', null),
    (31, 'Lois', null),
    (32, 'Julie', null),
    (33, 'Kathy', null),
    (34, 'Ernest', null),
    (35, 'Emily', null),
    (36, 'Andrea', null),
    (37, 'Joe', null),
    (38, 'Gregory', null),
    (39, 'Victor', null),
    (40, 'Jose', null),
    (41, 'Diane', null),
    (42, 'Marilyn', null),
    (43, 'Clarence', null),
    (44, 'Debra', null),
    (45, 'Cheryl', null),
    (46, 'Ruth', null),
    (47, 'Gary', null),
    (48, 'George', null),
    (49, 'Gloria', null),
    (50, 'Victor', null);

insert into organizerCamp (organizerId, campId, role) values
    (1, 3, 'gazdinka'),
    (1, 4, 'rehonk'),
    (10, 2, 'dobrodrunk'),
    (10, 4, 'gazdinka'),
    (11, 6, 'drb'),
    (12, 1, 'otec predstaven'),
    (12, 2, 'rehonk'),
    (12, 4, 'dobrodrunk'),
    (12, 6, 'dobrodrunk'),
    (13, 1, 'gazdinka'),
    (14, 6, 'rehonk'),
    (15, 1, 'drb'),
    (15, 2, 'kltornk'),
    (16, 2, 'gazdinka'),
    (17, 2, 'rehonk'),
    (17, 3, 'drb'),
    (19, 1, 'dobrodrunk'),
    (19, 5, 'gazdinka'),
    (2, 5, 'otec predstaven'),
    (20, 2, 'kltornk'),
    (20, 4, 'drb'),
    (20, 6, 'gazdinka'),
    (21, 6, 'rehonk'),
    (22, 2, 'drb'),
    (22, 3, 'gazdinka'),
    (22, 5, 'drb'),
    (22, 6, 'dobrodrunk'),
    (23, 1, 'rehonk'),
    (24, 2, 'gazdinka'),
    (25, 2, 'rehonk'),
    (25, 5, 'rehonk'),
    (25, 6, 'rehonk'),
    (26, 5, 'gazdinka'),
    (27, 5, 'dobrodrunk'),
    (28, 5, 'drb'),
    (29, 1, 'gazdinka'),
    (3, 2, 'drb'),
    (3, 4, 'rehonk'),
    (30, 4, 'drb'),
    (30, 5, 'gazdinka'),
    (33, 3, 'otec predstaven'),
    (33, 4, 'gazdinka'),
    (33, 6, 'drb'),
    (34, 2, 'rehonk'),
    (34, 6, 'gazdinka'),
    (37, 3, 'gazdinka'),
    (37, 4, 'drb'),
    (38, 3, 'drb'),
    (4, 1, 'rehonk'),
    (4, 4, 'dobrodrunk'),
    (40, 5, 'drb'),
    (41, 5, 'drb'),
    (43, 3, 'rehonk'),
    (45, 6, 'drb'),
    (46, 1, 'drb'),
    (46, 6, 'drb'),
    (47, 1, 'gazdinka'),
    (48, 1, 'rehonk'),
    (48, 2, 'otec predstaven'),
    (48, 5, 'drb'),
    (49, 4, 'otec predstaven'),
    (7, 4, 'kltornk'),
    (8, 3, 'gazdinka'),
    (9, 3, 'drb'),
    (9, 4, 'drb'),
    (9, 6, 'otec predstaven');

insert into applicantComments (id, applicantId, organizerId, text, createdOn) values
    (1, 35, 14, 'Suspendisse accumsan tortor quis turpis. Sed ante. Vivamus tortor. Duis mattis egestas metus.', '2015-05-12 03:42:56'),
    (2, 8, 48, 'Vestibulum sed magna at nunc commodo placerat. Praesent blandit. Nam nulla.', '2015-09-01 08:08:51'),
    (3, 38, 25, 'Morbi odio odio, elementum eu, interdum eu, tincidunt in, leo.', '2016-03-13 18:27:02'),
    (4, 24, 33, 'Suspendisse ornare consequat lectus. In est risus, auctor sed, tristique in, tempus sit amet, sem. Fusce consequat. Nulla nisl.', '2015-12-12 09:35:11'),
    (5, 5, 50, 'Cras non velit nec nisi vulputate nonummy. Maecenas tincidunt lacus at velit. Vivamus vel nulla eget eros elementum pellentesque. Quisque porta volutpat erat.', '2015-12-23 08:49:53'),
    (6, 45, 33, 'Aliquam quis turpis eget elit sodales scelerisque. Mauris sit amet eros. Suspendisse accumsan tortor quis turpis.', '2015-09-26 06:06:38'),
    (7, 39, 8, 'In est risus, auctor sed, tristique in, tempus sit amet, sem.', '2015-07-23 10:26:32'),
    (8, 43, 31, 'Duis consequat dui nec nisi volutpat eleifend. Donec ut dolor. Morbi vel lectus in quam fringilla rhoncus.', '2016-04-05 14:28:25'),
    (9, 10, 6, 'In sagittis dui vel nisl. Duis ac nibh.', '2015-10-18 07:20:58'),
    (10, 44, 25, 'Nullam molestie nibh in lectus. Pellentesque at nulla.', '2016-02-20 03:41:08'),
    (11, 43, 43, 'Pellentesque viverra pede ac diam.', '2015-08-03 15:44:28'),
    (12, 38, 10, 'Morbi ut odio. Cras mi pede, malesuada in, imperdiet et, commodo vulputate, justo.', '2015-06-27 07:41:08'),
    (13, 15, 24, 'Cras mi pede, malesuada in, imperdiet et, commodo vulputate, justo. In blandit ultrices enim.', '2016-02-04 17:42:25'),
    (14, 29, 32, 'Duis mattis egestas metus.', '2015-04-23 05:16:08'),
    (15, 1, 19, 'In quis justo. Maecenas rhoncus aliquam lacus.', '2016-03-18 19:35:08'),
    (16, 16, 5, 'Donec ut dolor.', '2015-12-11 12:57:45'),
    (17, 6, 33, 'Pellentesque viverra pede ac diam. Cras pellentesque volutpat dui. Maecenas tristique, est et tempus semper, est quam pharetra magna, ac consequat metus sapien ut nunc. Vestibulum ante ipsum primis in faucibus orci luctus et ultrices posuere cubilia Curae, Mauris viverra diam vitae quam.', '2016-04-12 16:25:19'),
    (18, 18, 34, 'Aliquam quis turpis eget elit sodales scelerisque. Mauris sit amet eros. Suspendisse accumsan tortor quis turpis.', '2016-03-29 06:10:47'),
    (19, 9, 6, 'Nulla suscipit ligula in lacus. Curabitur at ipsum ac tellus semper interdum.', '2015-12-08 14:37:52'),
    (20, 47, 36, 'Nam dui.', '2015-07-23 05:44:04'),
    (21, 33, 31, 'Duis aliquam convallis nunc. Proin at turpis a pede posuere nonummy.', '2015-09-25 16:44:48'),
    (22, 9, 12, 'Curabitur convallis. Duis consequat dui nec nisi volutpat eleifend.', '2015-05-30 06:06:10'),
    (23, 42, 41, 'Cum sociis natoque penatibus et magnis dis parturient montes, nascetur ridiculus mus. Etiam vel augue. Vestibulum rutrum rutrum neque.', '2015-09-08 17:14:34'),
    (24, 30, 1, 'Sed sagittis. Nam congue, risus semper porta volutpat, quam pede lobortis ligula, sit amet eleifend pede libero quis orci. Nullam molestie nibh in lectus. Pellentesque at nulla.', '2015-08-28 00:31:04'),
    (25, 9, 23, 'Curabitur at ipsum ac tellus semper interdum. Mauris ullamcorper purus sit amet nulla. Quisque arcu libero, rutrum ac, lobortis vel, dapibus at, diam. Nam tristique tortor eu pede.', '2016-02-17 05:38:08'),
    (26, 5, 41, 'In blandit ultrices enim.', '2015-06-07 04:17:35'),
    (27, 6, 15, 'Vivamus in felis eu sapien cursus vestibulum. Proin eu mi.', '2015-06-28 00:12:53'),
    (28, 34, 15, 'Donec vitae nisi. Nam ultrices, libero non mattis pulvinar, nulla pede ullamcorper augue, a suscipit nulla elit ac nulla. Sed vel enim sit amet nunc viverra dapibus. Nulla suscipit ligula in lacus.', '2015-12-26 19:27:17'),
    (29, 29, 20, 'Donec ut dolor. Morbi vel lectus in quam fringilla rhoncus.', '2015-10-09 00:38:29'),
    (30, 6, 48, 'Etiam pretium iaculis justo. In hac habitasse platea dictumst. Etiam faucibus cursus urna.', '2015-07-10 16:56:59');

insert into nameProposals (id, organizerId, applicantId, name, description, createdOn) values
    (1, 43, 36, 'Attilla', 'Morbi vestibulum, velit id pretium iaculis, diam erat fermentum justo, nec condimentum neque sapien placerat ante. Nulla justo. Aliquam quis turpis eget elit sodales scelerisque.', '2015-07-16 13:49:05'),
    (2, 3, 8, 'Neapolion', 'Curabitur at ipsum ac tellus semper interdum. Mauris ullamcorper purus sit amet nulla.', '2016-02-08 11:49:50'),
    (3, 34, 41, 'Esdelot', 'Cum sociis natoque penatibus et magnis dis parturient montes, nascetur ridiculus mus. Etiam vel augue.', '2016-01-02 02:35:08'),
    (4, 22, 7, 'Thouche', 'Aenean fermentum. Donec ut mauris eget massa tempor convallis.', '2016-03-27 13:49:24'),
    (5, 26, 11, 'Kanelinqes', 'Praesent id massa id nisl venenatis lacinia. Aenean sit amet justo.', '2016-01-17 17:52:27'),
    (6, 46, 45, 'Nicholas', 'Vestibulum sed magna at nunc commodo placerat. Praesent blandit.', '2016-04-01 01:22:33'),
    (7, 23, 10, 'Gawain', 'Quisque arcu libero, rutrum ac, lobortis vel, dapibus at, diam.', '2015-05-21 17:10:43'),
    (8, 30, 41, 'Alderan', 'Suspendisse potenti.', '2015-07-22 15:17:20'),
    (9, 5, 32, 'Avalon', 'In blandit ultrices enim.', '2016-02-04 11:11:52'),
    (10, 32, 7, 'Elizabeth', 'Praesent blandit lacinia erat. Vestibulum sed magna at nunc commodo placerat.', '2015-07-16 20:33:10'),
    (11, 48, 13, 'Camlann', 'Maecenas pulvinar lobortis est. Phasellus sit amet erat. Nulla tempus.', '2015-05-03 14:16:32'),
    (12, 6, 31, 'Evadeam', 'Sed accumsan felis. Ut at dolor quis odio consequat varius. Integer ac leo.', '2015-05-12 05:36:28'),
    (13, 45, 45, 'Popiniau', 'Vivamus metus arcu, adipiscing molestie, hendrerit at, vulputate vitae, nisl.', '2015-09-01 09:55:35'),
    (14, 24, 38, 'Arthur', 'Mauris sit amet eros. Suspendisse accumsan tortor quis turpis.', '2015-05-30 01:29:39'),
    (15, 19, 29, 'Jorin', 'Duis consequat dui nec nisi volutpat eleifend. Donec ut dolor.', '2015-12-10 08:07:34'),
    (16, 3, 25, 'Loren', 'Maecenas leo odio, condimentum id, luctus nec, molestie sed, justo. Pellentesque viverra pede ac diam.', '2016-04-03 02:55:09'),
    (17, 15, 28, 'Tristen', 'Nulla facilisi. Cras non velit nec nisi vulputate nonummy.', '2015-11-19 17:59:14'),
    (18, 32, 39, 'Roussel', 'Vestibulum ante ipsum primis in faucibus orci luctus et ultrices posuere cubilia Curae, Mauris viverra diam vitae quam. Suspendisse potenti. Nullam porttitor lacus at turpis.', '2015-12-12 22:47:14'),
    (19, 12, 11, 'Alcher', 'Cras in purus eu magna vulputate luctus. Cum sociis natoque penatibus et magnis dis parturient montes, nascetur ridiculus mus.', '2015-09-06 15:39:30'),
    (20, 24, 18, 'Jasper', 'In hac habitasse platea dictumst. Aliquam augue quam, sollicitudin vitae, consectetuer eget, rutrum at, lorem. Integer tincidunt ante vel ipsum.', '2015-09-14 03:42:11'),
    (21, 44, 32, 'Turquan', 'Nam dui.', '2016-03-15 17:13:11'),
    (22, 43, 25, 'Jasper', 'Nulla mollis molestie lorem.', '2015-07-17 03:14:20'),
    (23, 26, 32, 'Lia', 'Quisque arcu libero, rutrum ac, lobortis vel, dapibus at, diam. Nam tristique tortor eu pede.', '2016-04-20 18:42:09'),
    (24, 36, 18, 'Jasper', 'Etiam pretium iaculis justo. In hac habitasse platea dictumst.', '2015-07-01 13:36:45'),
    (25, 27, 21, 'Gawain', 'In blandit ultrices enim.', '2015-04-24 21:19:12'),
    (26, 50, 13, 'Goumelet', 'Nullam varius. Nulla facilisi.', '2016-04-04 00:15:44'),
    (27, 17, 36, 'Tristen', 'Ut tellus. Nulla ut erat id mauris vulputate elementum.', '2016-03-25 12:12:50'),
    (28, 22, 34, 'Guinevere', 'Aliquam non mauris.', '2016-01-29 16:54:35'),
    (29, 14, 13, 'Dolfin', 'Sed ante.', '2016-04-05 10:36:28'),
    (30, 15, 50, 'Alderan', 'In quis justo. Maecenas rhoncus aliquam lacus.', '2016-03-02 15:40:03'),
    (31, 2, 21, 'James', 'Nam dui. Proin leo odio, porttitor id, consequat in, consequat ut, nulla.', '2015-12-24 09:31:37'),
    (32, 49, 38, 'Celestine', 'Vestibulum ante ipsum primis in faucibus orci luctus et ultrices posuere cubilia Curae, Mauris viverra diam vitae quam.', '2016-02-21 16:57:40'),
    (33, 7, 1, 'Laurant', 'Donec quis orci eget orci vehicula condimentum. Curabitur in libero ut massa volutpat convallis. Morbi odio odio, elementum eu, interdum eu, tincidunt in, leo.', '2015-09-07 03:49:18'),
    (34, 3, 49, 'Dimitri', 'Sed vel enim sit amet nunc viverra dapibus. Nulla suscipit ligula in lacus.', '2015-07-06 16:32:19'),
    (35, 20, 19, 'Nicholas', 'Fusce congue, diam id ornare imperdiet, sapien urna pretium nisl, ut volutpat sapien arcu sed augue. Aliquam erat volutpat.', '2015-12-22 16:27:49'),
    (36, 28, 24, 'Rosser', 'Praesent blandit.', '2015-09-10 11:50:19'),
    (37, 18, 11, 'Hoel', 'Pellentesque viverra pede ac diam. Cras pellentesque volutpat dui. Maecenas tristique, est et tempus semper, est quam pharetra magna, ac consequat metus sapien ut nunc.', '2016-03-07 10:31:51'),
    (38, 4, 5, 'Thomas', 'Proin interdum mauris non ligula pellentesque ultrices. Phasellus id sapien in sapien iaculis congue. Vivamus metus arcu, adipiscing molestie, hendrerit at, vulputate vitae, nisl.', '2016-04-06 07:50:59'),
    (39, 31, 6, 'Rodolph', 'Proin risus.', '2015-06-08 15:15:44'),
    (40, 47, 37, 'Vlad', 'Vestibulum rutrum rutrum neque.', '2015-06-16 22:49:25'),
    (41, 5, 41, 'Erengier', 'Aenean auctor gravida sem.', '2015-09-08 01:21:11'),
    (42, 40, 27, 'Attilla', 'Nullam orci pede, venenatis non, sodales sed, tincidunt eu, felis.', '2015-05-22 21:07:29'),
    (43, 9, 15, 'Lynnette', 'Lorem ipsum dolor sit amet, consectetuer adipiscing elit. Proin interdum mauris non ligula pellentesque ultrices.', '2015-08-22 20:31:05'),
    (44, 45, 4, 'Damien', 'Proin interdum mauris non ligula pellentesque ultrices. Phasellus id sapien in sapien iaculis congue.', '2015-12-02 23:47:38'),
    (45, 24, 39, 'Dimitri', 'Duis bibendum, felis sed interdum venenatis, turpis enim blandit mi, in porttitor pede justo eu massa. Donec dapibus. Duis at velit eu est congue elementum.', '2016-03-12 21:49:43'),
    (46, 50, 6, 'Lynnette', 'Phasellus sit amet erat. Nulla tempus. Vivamus in felis eu sapien cursus vestibulum.', '2015-05-17 11:07:07'),
    (47, 37, 2, 'Gwenevere', 'Nulla mollis molestie lorem.', '2015-05-01 19:50:44'),
    (48, 25, 1, 'Celestria', 'Suspendisse potenti. In eleifend quam a odio. In hac habitasse platea dictumst.', '2016-02-06 08:11:40'),
    (49, 18, 12, 'Hoel', 'Quisque porta volutpat erat.', '2016-03-11 23:18:14'),
    (50, 18, 20, 'Merlin', 'Nam nulla. Integer pede justo, lacinia eget, tincidunt eget, tempus vel, pede.', '2015-09-15 21:26:36'),
    (51, 44, 5, 'Thomas', 'Vestibulum ante ipsum primis in faucibus orci luctus et ultrices posuere cubilia Curae, Donec pharetra, magna vestibulum aliquet ultrices, erat tortor sollicitudin mi, sit amet lobortis sapien sapien non mi. Integer ac neque. Duis bibendum.', '2015-06-01 06:30:04'),
    (52, 26, 37, 'Pariset', 'Curabitur convallis. Duis consequat dui nec nisi volutpat eleifend.', '2015-12-28 07:31:20'),
    (53, 9, 17, 'Arthur', 'Aenean lectus. Pellentesque eget nunc.', '2015-07-07 13:42:22'),
    (54, 13, 1, 'Gentien', 'Nulla ac enim.', '2016-01-29 12:48:21'),
    (55, 40, 35, 'Gembert', 'Morbi a ipsum.', '2016-01-19 03:05:15'),
    (56, 4, 8, 'Rasequin', 'Integer non velit.', '2015-05-05 21:02:38'),
    (57, 23, 49, 'Pariset', 'Sed vel enim sit amet nunc viverra dapibus. Nulla suscipit ligula in lacus. Curabitur at ipsum ac tellus semper interdum.', '2016-03-21 13:53:45'),
    (58, 38, 16, 'Grifon', 'Fusce congue, diam id ornare imperdiet, sapien urna pretium nisl, ut volutpat sapien arcu sed augue. Aliquam erat volutpat.', '2015-12-13 06:42:25'),
    (59, 44, 29, 'Engenouf', 'In hac habitasse platea dictumst.', '2015-10-22 15:42:25'),
    (60, 47, 42, 'Alice', 'Nulla nisl. Nunc nisl. Duis bibendum, felis sed interdum venenatis, turpis enim blandit mi, in porttitor pede justo eu massa.', '2015-06-26 03:16:53'),
    (61, 30, 40, 'Celestine', 'Duis bibendum. Morbi non quam nec dui luctus rutrum.', '2015-08-27 02:37:42'),
    (62, 42, 13, 'Espan', 'Duis at velit eu est congue elementum. In hac habitasse platea dictumst.', '2016-01-08 01:05:00'),
    (63, 44, 1, 'Sevrin', 'Curabitur convallis.', '2015-06-20 21:30:05'),
    (64, 19, 44, 'Rionet', 'Nulla facilisi. Cras non velit nec nisi vulputate nonummy.', '2016-01-12 18:28:32'),
    (65, 3, 48, 'Isabella', 'Duis mattis egestas metus.', '2015-05-08 21:43:52'),
    (66, 4, 11, 'James', 'Nullam varius. Nulla facilisi.', '2015-06-03 08:22:00'),
    (67, 33, 33, 'Attilla', 'Proin eu mi. Nulla ac enim. In tempor, turpis nec euismod scelerisque, quam turpis adipiscing lorem, vitae mattis nibh ligula nec sem.', '2016-03-08 21:48:37'),
    (68, 21, 47, 'Rasequin', 'Duis consequat dui nec nisi volutpat eleifend. Donec ut dolor.', '2016-03-16 07:15:03'),
    (69, 20, 48, 'Juste', 'Pellentesque viverra pede ac diam.', '2016-04-20 00:59:57'),
    (70, 19, 39, 'Kanelinqes', 'Nulla mollis molestie lorem. Quisque ut erat.', '2015-10-22 17:15:19'),
    (71, 23, 20, 'Evadeam', 'In hac habitasse platea dictumst. Aliquam augue quam, sollicitudin vitae, consectetuer eget, rutrum at, lorem.', '2015-06-10 14:29:18'),
    (72, 11, 31, 'Mordrain', 'Fusce consequat. Nulla nisl.', '2015-10-28 10:22:22'),
    (73, 5, 15, 'Jasper', 'Donec ut mauris eget massa tempor convallis. Nulla neque libero, convallis eget, eleifend luctus, ultricies eu, nibh.', '2015-12-23 01:52:29'),
    (74, 23, 38, 'Caligula', 'Vestibulum ante ipsum primis in faucibus orci luctus et ultrices posuere cubilia Curae, Duis faucibus accumsan odio. Curabitur convallis. Duis consequat dui nec nisi volutpat eleifend.', '2015-10-28 18:05:39'),
    (75, 10, 17, 'Rasequin', 'Duis bibendum, felis sed interdum venenatis, turpis enim blandit mi, in porttitor pede justo eu massa. Donec dapibus.', '2016-03-28 22:38:38'),
    (76, 33, 30, 'Tristen', 'Integer non velit.', '2015-12-20 18:39:10'),
    (77, 47, 13, 'Kanelinqes', 'Fusce lacus purus, aliquet at, feugiat non, pretium quis, lectus.', '2015-09-02 06:00:21'),
    (78, 38, 2, 'Turquan', 'Morbi odio odio, elementum eu, interdum eu, tincidunt in, leo. Maecenas pulvinar lobortis est. Phasellus sit amet erat.', '2015-06-08 10:15:43'),
    (79, 35, 1, 'Escanor', 'Duis at velit eu est congue elementum. In hac habitasse platea dictumst.', '2015-12-26 11:54:46'),
    (80, 20, 45, 'Camlann', 'Duis bibendum.', '2015-09-06 06:57:02'),
    (81, 20, 42, 'Engenouf', 'Nunc nisl. Duis bibendum, felis sed interdum venenatis, turpis enim blandit mi, in porttitor pede justo eu massa.', '2015-11-13 12:37:43'),
    (82, 6, 5, 'Dristan', 'Vestibulum ante ipsum primis in faucibus orci luctus et ultrices posuere cubilia Curae, Donec pharetra, magna vestibulum aliquet ultrices, erat tortor sollicitudin mi, sit amet lobortis sapien sapien non mi.', '2015-05-07 11:00:43'),
    (83, 7, 23, 'Demeterous', 'Nullam molestie nibh in lectus.', '2015-07-22 01:48:26'),
    (84, 8, 3, 'Goumelet', 'Vivamus in felis eu sapien cursus vestibulum. Proin eu mi. Nulla ac enim.', '2015-04-24 16:21:56'),
    (85, 37, 15, 'Primaveira', 'Nunc rhoncus dui vel sem.', '2016-04-20 18:56:23'),
    (86, 20, 30, 'Esdelot', 'Duis ac nibh.', '2015-06-06 02:59:02'),
    (87, 40, 43, 'Elizabeth', 'Vestibulum quam sapien, varius ut, blandit non, interdum in, ante. Vestibulum ante ipsum primis in faucibus orci luctus et ultrices posuere cubilia Curae, Duis faucibus accumsan odio.', '2016-01-18 16:50:23'),
    (88, 2, 17, 'Tristen', 'Vivamus tortor. Duis mattis egestas metus. Aenean fermentum.', '2015-10-08 14:12:07'),
    (89, 50, 13, 'Tintagel', 'Fusce consequat. Nulla nisl.', '2015-07-27 00:21:16'),
    (90, 23, 2, 'Rion', 'Vestibulum ac est lacinia nisi venenatis tristique. Fusce congue, diam id ornare imperdiet, sapien urna pretium nisl, ut volutpat sapien arcu sed augue.', '2015-10-26 03:47:18'),
    (91, 43, 24, 'Damien', 'Nunc rhoncus dui vel sem. Sed sagittis. Nam congue, risus semper porta volutpat, quam pede lobortis ligula, sit amet eleifend pede libero quis orci.', '2016-02-15 22:40:52'),
    (92, 47, 30, 'Anthony', 'Maecenas leo odio, condimentum id, luctus nec, molestie sed, justo. Pellentesque viverra pede ac diam.', '2015-12-03 16:49:59'),
    (93, 28, 34, 'Avalon', 'Etiam justo. Etiam pretium iaculis justo. In hac habitasse platea dictumst.', '2015-10-14 14:10:20'),
    (94, 21, 34, 'Avalon', 'Integer ac neque. Duis bibendum.', '2015-11-16 15:34:21'),
    (95, 6, 7, 'Celestria', 'Sed accumsan felis. Ut at dolor quis odio consequat varius.', '2016-01-27 20:28:13'),
    (96, 23, 18, 'Pariset', 'Duis bibendum. Morbi non quam nec dui luctus rutrum. Nulla tellus.', '2015-04-24 21:02:11'),
    (97, 30, 44, 'Alderan', 'Vestibulum quam sapien, varius ut, blandit non, interdum in, ante.', '2015-11-24 03:07:20'),
    (98, 3, 11, 'Peredwus', 'Donec posuere metus vitae ipsum. Aliquam non mauris.', '2016-02-17 12:31:18'),
    (99, 30, 25, 'James', 'Lorem ipsum dolor sit amet, consectetuer adipiscing elit.', '2015-12-24 18:54:41'),
    (100, 50, 32, 'Isabella', 'Quisque ut erat. Curabitur gravida nisi at nibh.', '2015-07-03 21:23:27'),
    (101, 14, 13, 'Morold', 'Morbi a ipsum. Integer a nibh.', '2015-10-15 06:35:14'),
    (102, 40, 48, 'Shardizar', 'Morbi a ipsum.', '2016-02-21 11:53:07'),
    (103, 23, 3, 'Tristan', 'Nam ultrices, libero non mattis pulvinar, nulla pede ullamcorper augue, a suscipit nulla elit ac nulla. Sed vel enim sit amet nunc viverra dapibus. Nulla suscipit ligula in lacus.', '2015-11-11 01:49:09'),
    (104, 1, 22, 'Thouche', 'Vestibulum ante ipsum primis in faucibus orci luctus et ultrices posuere cubilia Curae, Mauris viverra diam vitae quam.', '2015-07-31 17:25:05'),
    (105, 37, 3, 'Evadeam', 'Fusce lacus purus, aliquet at, feugiat non, pretium quis, lectus. Suspendisse potenti. In eleifend quam a odio.', '2015-06-02 14:20:33'),
    (106, 19, 25, 'Escanor', 'Suspendisse accumsan tortor quis turpis.', '2015-08-03 12:14:54'),
    (107, 34, 48, 'Ektor', 'Nulla facilisi. Cras non velit nec nisi vulputate nonummy.', '2015-10-04 06:25:16'),
    (108, 11, 28, 'Isabella', 'Nulla ut erat id mauris vulputate elementum.', '2015-11-21 06:56:06'),
    (109, 49, 20, 'Escanor', 'Nulla mollis molestie lorem. Quisque ut erat. Curabitur gravida nisi at nibh.', '2015-10-15 20:04:52'),
    (110, 21, 48, 'Camlann', 'Duis consequat dui nec nisi volutpat eleifend.', '2015-07-11 23:14:00'),
    (111, 13, 29, 'Rodolph', 'Nunc nisl. Duis bibendum, felis sed interdum venenatis, turpis enim blandit mi, in porttitor pede justo eu massa. Donec dapibus.', '2015-10-31 19:44:31'),
    (112, 38, 27, 'Talon', 'Sed accumsan felis. Ut at dolor quis odio consequat varius.', '2016-01-11 07:35:35'),
    (113, 33, 18, 'Aqualonia', 'Nullam porttitor lacus at turpis. Donec posuere metus vitae ipsum. Aliquam non mauris.', '2015-06-14 17:25:35'),
    (114, 19, 47, 'Cai', 'In congue.', '2016-04-21 20:55:41'),
    (115, 12, 46, 'Lynessa', 'Cras mi pede, malesuada in, imperdiet et, commodo vulputate, justo.', '2015-10-07 00:33:48'),
    (116, 30, 42, 'Thouche', 'Integer ac neque. Duis bibendum. Morbi non quam nec dui luctus rutrum.', '2015-12-05 02:46:28'),
    (117, 48, 41, 'Engenouf', 'Phasellus id sapien in sapien iaculis congue.', '2016-03-30 00:38:34'),
    (118, 29, 30, 'Popiniau', 'Donec semper sapien a libero.', '2015-08-21 18:40:40'),
    (119, 31, 49, 'Alderan', 'Morbi porttitor lorem id ligula.', '2016-04-06 13:48:17'),
    (120, 33, 12, 'Arthur', 'Donec ut dolor. Morbi vel lectus in quam fringilla rhoncus.', '2016-03-15 22:41:22'),
    (121, 19, 4, 'Thouche', 'Donec odio justo, sollicitudin ut, suscipit a, feugiat et, eros.', '2015-07-26 23:10:02'),
    (122, 28, 4, 'Morold', 'Integer ac neque.', '2015-04-28 00:58:30'),
    (123, 4, 24, 'Vlad', 'Morbi vestibulum, velit id pretium iaculis, diam erat fermentum justo, nec condimentum neque sapien placerat ante. Nulla justo. Aliquam quis turpis eget elit sodales scelerisque.', '2016-01-18 23:32:17'),
    (124, 31, 14, 'Morold', 'Nulla ac enim.', '2016-04-07 15:40:27'),
    (125, 22, 48, 'Dolfin', 'Nulla nisl. Nunc nisl.', '2015-12-10 03:58:36'),
    (126, 44, 49, 'Lancelot', 'Donec odio justo, sollicitudin ut, suscipit a, feugiat et, eros. Vestibulum ac est lacinia nisi venenatis tristique.', '2016-01-18 02:18:51'),
    (127, 41, 28, 'Primaveira', 'Morbi odio odio, elementum eu, interdum eu, tincidunt in, leo. Maecenas pulvinar lobortis est.', '2016-04-05 05:03:18'),
    (128, 48, 39, 'Albin', 'In hac habitasse platea dictumst.', '2015-12-29 14:12:24'),
    (129, 16, 44, 'Russell', 'Suspendisse potenti. In eleifend quam a odio. In hac habitasse platea dictumst.', '2015-06-23 22:44:33'),
    (130, 19, 19, 'Tintagel', 'Morbi ut odio. Cras mi pede, malesuada in, imperdiet et, commodo vulputate, justo. In blandit ultrices enim.', '2015-06-28 10:55:24'),
    (131, 31, 5, 'Demeterous', 'Ut at dolor quis odio consequat varius. Integer ac leo.', '2015-10-21 13:14:32'),
    (132, 36, 32, 'Tristen', 'Quisque erat eros, viverra eget, congue eget, semper rutrum, nulla. Nunc purus. Phasellus in felis.', '2015-06-17 22:28:53'),
    (133, 42, 46, 'Laurant', 'Donec ut dolor. Morbi vel lectus in quam fringilla rhoncus. Mauris enim leo, rhoncus sed, vestibulum sit amet, cursus id, turpis.', '2015-06-14 04:31:11'),
    (134, 48, 36, 'Jonathas', 'Curabitur convallis. Duis consequat dui nec nisi volutpat eleifend. Donec ut dolor.', '2015-12-15 11:45:42'),
    (135, 45, 26, 'Damien', 'Maecenas pulvinar lobortis est.', '2016-04-12 11:26:10'),
    (136, 39, 31, 'Lancelot', 'In quis justo. Maecenas rhoncus aliquam lacus.', '2015-07-22 16:01:57'),
    (137, 30, 48, 'Tristram', 'Sed vel enim sit amet nunc viverra dapibus.', '2016-01-10 16:00:04'),
    (138, 17, 47, 'Wintanceaster', 'Quisque id justo sit amet sapien dignissim vestibulum. Vestibulum ante ipsum primis in faucibus orci luctus et ultrices posuere cubilia Curae, Nulla dapibus dolor vel est.', '2016-03-23 01:14:34'),
    (139, 34, 17, 'Peredwus', 'Cum sociis natoque penatibus et magnis dis parturient montes, nascetur ridiculus mus. Vivamus vestibulum sagittis sapien.', '2015-08-08 05:12:17'),
    (140, 11, 17, 'Espan', 'Aenean sit amet justo.', '2016-04-17 13:24:17'),
    (141, 16, 37, 'Jolis', 'Nulla ut erat id mauris vulputate elementum. Nullam varius. Nulla facilisi.', '2015-10-30 12:43:58'),
    (142, 28, 38, 'Gentien', 'Duis consequat dui nec nisi volutpat eleifend. Donec ut dolor. Morbi vel lectus in quam fringilla rhoncus.', '2016-02-25 17:07:26'),
    (143, 40, 34, 'Celestria', 'Aliquam augue quam, sollicitudin vitae, consectetuer eget, rutrum at, lorem. Integer tincidunt ante vel ipsum. Praesent blandit lacinia erat.', '2015-06-15 01:06:40'),
    (144, 41, 16, 'Falconworth', 'Sed ante. Vivamus tortor. Duis mattis egestas metus.', '2015-06-11 04:59:03'),
    (145, 3, 34, 'Simon', 'In hac habitasse platea dictumst. Aliquam augue quam, sollicitudin vitae, consectetuer eget, rutrum at, lorem.', '2015-04-24 06:31:07'),
    (146, 38, 3, 'Primaveira', 'Suspendisse ornare consequat lectus. In est risus, auctor sed, tristique in, tempus sit amet, sem.', '2015-06-12 14:42:08'),
    (147, 16, 44, 'Dristan', 'Nullam porttitor lacus at turpis.', '2015-08-22 06:15:10'),
    (148, 9, 25, 'Talon', 'Ut at dolor quis odio consequat varius.', '2016-02-11 06:00:24'),
    (149, 17, 32, 'Arthur', 'In quis justo. Maecenas rhoncus aliquam lacus. Morbi quis tortor id nulla ultrices aliquet.', '2016-02-10 23:46:55'),
    (150, 7, 21, 'Ryons', 'Curabitur at ipsum ac tellus semper interdum.', '2015-11-21 17:11:34'),
    (151, 47, 2, 'Pepin', 'Mauris lacinia sapien quis libero.', '2016-02-14 10:01:02'),
    (152, 4, 49, 'Gwenevere', 'Duis mattis egestas metus. Aenean fermentum. Donec ut mauris eget massa tempor convallis.', '2015-07-13 17:14:52'),
    (153, 40, 8, 'Morold', 'Cras pellentesque volutpat dui.', '2015-04-30 01:16:58'),
    (154, 27, 22, 'Esdelot', 'Pellentesque viverra pede ac diam. Cras pellentesque volutpat dui. Maecenas tristique, est et tempus semper, est quam pharetra magna, ac consequat metus sapien ut nunc.', '2015-11-15 17:39:56'),
    (155, 41, 31, 'Vlad', 'Vestibulum rutrum rutrum neque. Aenean auctor gravida sem.', '2015-07-31 20:53:09'),
    (156, 50, 3, 'Gwenevere', 'In hac habitasse platea dictumst.', '2016-01-25 01:03:40'),
    (157, 39, 49, 'Arthur', 'Phasellus sit amet erat. Nulla tempus. Vivamus in felis eu sapien cursus vestibulum.', '2016-02-02 04:39:35'),
    (158, 9, 40, 'Arthur', 'Nam nulla. Integer pede justo, lacinia eget, tincidunt eget, tempus vel, pede.', '2016-01-08 12:03:36'),
    (159, 48, 48, 'Jonathas', 'Morbi non quam nec dui luctus rutrum.', '2015-11-14 10:28:44'),
    (160, 32, 44, 'Jude', 'Nulla justo. Aliquam quis turpis eget elit sodales scelerisque. Mauris sit amet eros.', '2015-06-26 08:14:56'),
    (161, 38, 35, 'Merlin', 'Vestibulum ante ipsum primis in faucibus orci luctus et ultrices posuere cubilia Curae, Nulla dapibus dolor vel est. Donec odio justo, sollicitudin ut, suscipit a, feugiat et, eros. Vestibulum ac est lacinia nisi venenatis tristique.', '2015-10-07 14:15:11'),
    (162, 20, 7, 'Celestria', 'Fusce posuere felis sed lacus. Morbi sem mauris, laoreet ut, rhoncus aliquet, pulvinar sed, nisl.', '2015-04-30 10:52:55'),
    (163, 25, 15, 'Rionet', 'Etiam justo.', '2015-12-26 06:13:09'),
    (164, 19, 18, 'Hoel', 'Integer a nibh. In quis justo.', '2015-10-03 17:39:16'),
    (165, 17, 28, 'Isabella', 'Nullam porttitor lacus at turpis. Donec posuere metus vitae ipsum. Aliquam non mauris.', '2015-05-03 15:26:38'),
    (166, 50, 13, 'Ektor', 'Nulla justo.', '2015-07-31 22:53:56'),
    (167, 45, 43, 'Espan', 'Proin eu mi. Nulla ac enim. In tempor, turpis nec euismod scelerisque, quam turpis adipiscing lorem, vitae mattis nibh ligula nec sem.', '2015-07-07 00:37:03'),
    (168, 31, 24, 'Goumelet', 'Mauris enim leo, rhoncus sed, vestibulum sit amet, cursus id, turpis. Integer aliquet, massa id lobortis convallis, tortor risus dapibus augue, vel accumsan tellus nisi eu orci.', '2016-04-18 01:46:31'),
    (169, 42, 31, 'Goumelet', 'Quisque ut erat.', '2016-03-07 06:13:38'),
    (170, 13, 29, 'Seth', 'Cras non velit nec nisi vulputate nonummy.', '2015-11-06 03:20:36'),
    (171, 25, 38, 'Albin', 'Nulla tempus. Vivamus in felis eu sapien cursus vestibulum. Proin eu mi.', '2015-12-05 10:35:44'),
    (172, 13, 42, 'Pariset', 'Proin interdum mauris non ligula pellentesque ultrices.', '2015-11-04 11:50:26'),
    (173, 41, 33, 'Thouche', 'Suspendisse ornare consequat lectus.', '2015-12-21 02:17:23'),
    (174, 4, 37, 'Guinevere', 'In congue.', '2016-01-20 09:51:40'),
    (175, 2, 16, 'Esdelot', 'Morbi ut odio.', '2015-12-01 19:38:26'),
    (176, 49, 3, 'Tristen', 'Nunc nisl.', '2015-07-04 07:09:16'),
    (177, 16, 31, 'Parsifal', 'Sed vel enim sit amet nunc viverra dapibus.', '2015-05-12 12:40:04'),
    (178, 42, 44, 'Demeterous', 'Curabitur gravida nisi at nibh.', '2015-07-01 10:04:03'),
    (179, 19, 15, 'Mervyn', 'Nulla ut erat id mauris vulputate elementum.', '2015-09-07 21:43:39'),
    (180, 13, 30, 'Primaveira', 'Suspendisse potenti. In eleifend quam a odio. In hac habitasse platea dictumst.', '2016-03-11 20:52:34'),
    (181, 47, 31, 'Lancelot', 'Nullam molestie nibh in lectus.', '2015-07-25 11:41:01'),
    (182, 18, 21, 'Laurant', 'Nullam sit amet turpis elementum ligula vehicula consequat.', '2016-02-08 02:11:19'),
    (183, 10, 29, 'Mervyn', 'In hac habitasse platea dictumst. Maecenas ut massa quis augue luctus tincidunt.', '2015-09-23 14:11:41'),
    (184, 23, 12, 'Alice', 'Fusce congue, diam id ornare imperdiet, sapien urna pretium nisl, ut volutpat sapien arcu sed augue. Aliquam erat volutpat.', '2015-08-19 21:51:29'),
    (185, 10, 2, 'Escanor', 'Nulla facilisi. Cras non velit nec nisi vulputate nonummy.', '2015-10-21 16:06:32'),
    (186, 32, 43, 'Esdelot', 'Morbi porttitor lorem id ligula. Suspendisse ornare consequat lectus.', '2015-05-30 04:08:46'),
    (187, 17, 24, 'Aaron', 'Aliquam erat volutpat. In congue.', '2015-10-26 16:34:07'),
    (188, 26, 40, 'Jasper', 'Suspendisse potenti.', '2015-06-24 11:42:21'),
    (189, 49, 21, 'Escanor', 'Aenean auctor gravida sem. Praesent id massa id nisl venenatis lacinia.', '2015-04-22 02:52:26'),
    (190, 35, 9, 'Neapolion', 'Phasellus id sapien in sapien iaculis congue. Vivamus metus arcu, adipiscing molestie, hendrerit at, vulputate vitae, nisl.', '2015-06-09 12:59:53'),
    (191, 7, 7, 'Aaron', 'Lorem ipsum dolor sit amet, consectetuer adipiscing elit. Proin risus. Praesent lectus.', '2015-06-09 04:18:45'),
    (192, 45, 36, 'Anthony', 'Vestibulum quam sapien, varius ut, blandit non, interdum in, ante. Vestibulum ante ipsum primis in faucibus orci luctus et ultrices posuere cubilia Curae, Duis faucibus accumsan odio. Curabitur convallis.', '2015-10-13 19:11:47'),
    (193, 12, 11, 'Wintanceaster', 'Proin at turpis a pede posuere nonummy. Integer non velit. Donec diam neque, vestibulum eget, vulputate ut, ultrices vel, augue.', '2015-12-05 23:08:37'),
    (194, 35, 36, 'Thomas', 'Duis aliquam convallis nunc.', '2015-08-12 04:59:55'),
    (195, 23, 42, 'Hoel', 'Morbi ut odio.', '2015-07-25 08:38:25'),
    (196, 49, 46, 'Gentien', 'Proin at turpis a pede posuere nonummy.', '2016-03-06 07:12:01'),
    (197, 25, 12, 'Roussel', 'Duis ac nibh. Fusce lacus purus, aliquet at, feugiat non, pretium quis, lectus.', '2015-05-16 12:19:28'),
    (198, 33, 32, 'Gwenevere', 'Nullam sit amet turpis elementum ligula vehicula consequat. Morbi a ipsum. Integer a nibh.', '2015-10-14 02:36:58'),
    (199, 39, 12, 'Arthur', 'Pellentesque at nulla.', '2015-07-28 08:10:38'),
    (200, 6, 49, 'Demeterous', 'Curabitur gravida nisi at nibh.', '2016-03-23 03:05:22');

insert into nameProposalComment (id, nameProposalId, organizerId, text, createdOn) values
    (1, 89, 40, 'Pellentesque viverra pede ac diam. Cras pellentesque volutpat dui. Maecenas tristique, est et tempus semper, est quam pharetra magna, ac consequat metus sapien ut nunc.', '2015-08-05 18:41:54'),
    (2, 102, 6, 'In congue. Etiam justo.', '2016-04-13 12:04:13'),
    (3, 86, 41, 'Aenean sit amet justo. Morbi ut odio.', '2015-11-18 22:39:57'),
    (4, 181, 16, 'In hac habitasse platea dictumst. Etiam faucibus cursus urna.', '2016-03-15 01:59:13'),
    (5, 48, 50, 'Nulla ac enim. In tempor, turpis nec euismod scelerisque, quam turpis adipiscing lorem, vitae mattis nibh ligula nec sem.', '2015-11-15 17:07:18'),
    (6, 89, 16, 'Duis bibendum, felis sed interdum venenatis, turpis enim blandit mi, in porttitor pede justo eu massa.', '2016-01-05 00:07:01'),
    (7, 29, 19, 'Cum sociis natoque penatibus et magnis dis parturient montes, nascetur ridiculus mus. Vivamus vestibulum sagittis sapien. Cum sociis natoque penatibus et magnis dis parturient montes, nascetur ridiculus mus.', '2015-12-02 08:44:35'),
    (8, 159, 16, 'Aenean sit amet justo. Morbi ut odio. Cras mi pede, malesuada in, imperdiet et, commodo vulputate, justo.', '2015-06-19 23:45:45'),
    (9, 11, 26, 'Duis aliquam convallis nunc. Proin at turpis a pede posuere nonummy. Integer non velit.', '2016-01-27 19:45:31'),
    (10, 144, 16, 'Quisque porta volutpat erat. Quisque erat eros, viverra eget, congue eget, semper rutrum, nulla.', '2015-07-07 10:13:01'),
    (11, 130, 50, 'Ut at dolor quis odio consequat varius. Integer ac leo. Pellentesque ultrices mattis odio.', '2016-01-12 08:32:13'),
    (12, 161, 46, 'Nam congue, risus semper porta volutpat, quam pede lobortis ligula, sit amet eleifend pede libero quis orci.', '2015-12-10 07:38:03'),
    (13, 35, 1, 'Integer tincidunt ante vel ipsum. Praesent blandit lacinia erat. Vestibulum sed magna at nunc commodo placerat.', '2015-12-14 17:57:25'),
    (14, 13, 3, 'Morbi vel lectus in quam fringilla rhoncus.', '2016-01-15 12:18:30'),
    (15, 34, 12, 'Vestibulum rutrum rutrum neque. Aenean auctor gravida sem.', '2015-12-01 14:22:39'),
    (16, 24, 11, 'Suspendisse potenti. Nullam porttitor lacus at turpis. Donec posuere metus vitae ipsum.', '2015-07-16 02:24:10'),
    (17, 140, 46, 'Aliquam sit amet diam in magna bibendum imperdiet. Nullam orci pede, venenatis non, sodales sed, tincidunt eu, felis.', '2015-04-26 16:13:00'),
    (18, 131, 2, 'Ut at dolor quis odio consequat varius.', '2015-05-19 10:19:16'),
    (19, 58, 32, 'Suspendisse accumsan tortor quis turpis. Sed ante. Vivamus tortor.', '2015-07-11 09:04:29'),
    (20, 199, 34, 'Quisque porta volutpat erat.', '2015-12-25 09:34:42'),
    (21, 91, 4, 'Proin leo odio, porttitor id, consequat in, consequat ut, nulla.', '2015-07-05 08:08:15'),
    (22, 148, 17, 'Etiam faucibus cursus urna. Ut tellus. Nulla ut erat id mauris vulputate elementum.', '2015-10-21 20:37:36'),
    (23, 200, 27, 'Mauris lacinia sapien quis libero. Nullam sit amet turpis elementum ligula vehicula consequat. Morbi a ipsum.', '2015-06-05 11:50:43'),
    (24, 109, 44, 'Aliquam sit amet diam in magna bibendum imperdiet. Nullam orci pede, venenatis non, sodales sed, tincidunt eu, felis. Fusce posuere felis sed lacus.', '2015-08-17 15:32:48'),
    (25, 88, 45, 'Etiam faucibus cursus urna.', '2015-05-24 19:03:34'),
    (26, 135, 33, 'Integer a nibh.', '2015-10-09 12:29:49'),
    (27, 131, 20, 'Integer tincidunt ante vel ipsum. Praesent blandit lacinia erat.', '2015-12-12 22:49:10'),
    (28, 64, 26, 'Lorem ipsum dolor sit amet, consectetuer adipiscing elit. Proin risus.', '2015-11-19 13:02:18'),
    (29, 77, 45, 'Morbi ut odio.', '2016-01-18 12:19:16'),
    (30, 114, 29, 'Integer pede justo, lacinia eget, tincidunt eget, tempus vel, pede. Morbi porttitor lorem id ligula.', '2016-01-19 13:47:13'),
    (31, 144, 3, 'Maecenas tristique, est et tempus semper, est quam pharetra magna, ac consequat metus sapien ut nunc. Vestibulum ante ipsum primis in faucibus orci luctus et ultrices posuere cubilia Curae, Mauris viverra diam vitae quam.', '2016-03-08 09:19:54'),
    (32, 200, 49, 'Duis ac nibh. Fusce lacus purus, aliquet at, feugiat non, pretium quis, lectus.', '2016-01-12 00:36:57'),
    (33, 135, 19, 'Cras mi pede, malesuada in, imperdiet et, commodo vulputate, justo.', '2015-12-31 09:23:27'),
    (34, 163, 37, 'Donec diam neque, vestibulum eget, vulputate ut, ultrices vel, augue.', '2015-09-04 09:17:10'),
    (35, 184, 26, 'Vivamus in felis eu sapien cursus vestibulum. Proin eu mi.', '2016-03-15 14:29:41'),
    (36, 12, 25, 'Suspendisse potenti. In eleifend quam a odio.', '2015-05-10 14:20:04'),
    (37, 171, 5, 'Mauris lacinia sapien quis libero. Nullam sit amet turpis elementum ligula vehicula consequat. Morbi a ipsum.', '2015-10-26 10:08:47'),
    (38, 23, 14, 'Cras in purus eu magna vulputate luctus. Cum sociis natoque penatibus et magnis dis parturient montes, nascetur ridiculus mus. Vivamus vestibulum sagittis sapien.', '2015-12-04 07:06:44'),
    (39, 19, 34, 'Morbi sem mauris, laoreet ut, rhoncus aliquet, pulvinar sed, nisl.', '2016-03-23 16:13:24'),
    (40, 15, 43, 'Pellentesque at nulla. Suspendisse potenti.', '2015-10-15 18:24:18'),
    (41, 184, 21, 'Sed vel enim sit amet nunc viverra dapibus. Nulla suscipit ligula in lacus.', '2015-10-17 17:17:47'),
    (42, 76, 4, 'Nunc purus. Phasellus in felis.', '2016-02-29 12:11:05'),
    (43, 57, 27, 'Maecenas tristique, est et tempus semper, est quam pharetra magna, ac consequat metus sapien ut nunc. Vestibulum ante ipsum primis in faucibus orci luctus et ultrices posuere cubilia Curae, Mauris viverra diam vitae quam. Suspendisse potenti.', '2015-09-07 00:57:42'),
    (44, 162, 22, 'Pellentesque viverra pede ac diam. Cras pellentesque volutpat dui.', '2015-09-09 04:51:40'),
    (45, 168, 41, 'Maecenas tincidunt lacus at velit. Vivamus vel nulla eget eros elementum pellentesque. Quisque porta volutpat erat.', '2015-09-30 14:27:12'),
    (46, 170, 9, 'Etiam vel augue. Vestibulum rutrum rutrum neque. Aenean auctor gravida sem.', '2015-06-11 08:36:10'),
    (47, 155, 20, 'Pellentesque at nulla.', '2015-08-24 21:44:33'),
    (48, 195, 8, 'Curabitur gravida nisi at nibh. In hac habitasse platea dictumst. Aliquam augue quam, sollicitudin vitae, consectetuer eget, rutrum at, lorem.', '2016-01-19 20:11:05'),
    (49, 18, 21, 'Nulla tempus. Vivamus in felis eu sapien cursus vestibulum. Proin eu mi.', '2015-09-17 18:50:53'),
    (50, 179, 25, 'Donec ut dolor. Morbi vel lectus in quam fringilla rhoncus. Mauris enim leo, rhoncus sed, vestibulum sit amet, cursus id, turpis.', '2015-07-09 07:49:45'),
    (51, 44, 17, 'Sed sagittis.', '2015-11-27 15:25:33'),
    (52, 73, 14, 'Vivamus tortor. Duis mattis egestas metus.', '2015-11-28 01:08:37'),
    (53, 70, 14, 'Mauris sit amet eros.', '2015-11-15 13:08:20'),
    (54, 16, 21, 'Aliquam sit amet diam in magna bibendum imperdiet. Nullam orci pede, venenatis non, sodales sed, tincidunt eu, felis.', '2016-02-12 13:46:50'),
    (55, 122, 38, 'Donec quis orci eget orci vehicula condimentum. Curabitur in libero ut massa volutpat convallis.', '2015-11-21 04:50:34'),
    (56, 104, 35, 'In hac habitasse platea dictumst. Maecenas ut massa quis augue luctus tincidunt. Nulla mollis molestie lorem.', '2016-01-30 09:51:53'),
    (57, 70, 8, 'Nullam porttitor lacus at turpis. Donec posuere metus vitae ipsum. Aliquam non mauris.', '2015-10-05 22:14:00'),
    (58, 68, 36, 'Fusce consequat. Nulla nisl.', '2015-10-16 18:19:53'),
    (59, 181, 7, 'In blandit ultrices enim. Lorem ipsum dolor sit amet, consectetuer adipiscing elit.', '2015-08-31 22:18:03'),
    (60, 146, 36, 'Nulla tempus. Vivamus in felis eu sapien cursus vestibulum. Proin eu mi.', '2015-07-17 04:34:21'),
    (61, 164, 46, 'In tempor, turpis nec euismod scelerisque, quam turpis adipiscing lorem, vitae mattis nibh ligula nec sem.', '2015-08-11 22:42:05'),
    (62, 156, 39, 'Suspendisse potenti. Cras in purus eu magna vulputate luctus.', '2015-09-06 08:16:45'),
    (63, 108, 27, 'Vestibulum rutrum rutrum neque. Aenean auctor gravida sem.', '2015-11-24 22:45:01'),
    (64, 188, 38, 'Vestibulum ante ipsum primis in faucibus orci luctus et ultrices posuere cubilia Curae, Donec pharetra, magna vestibulum aliquet ultrices, erat tortor sollicitudin mi, sit amet lobortis sapien sapien non mi. Integer ac neque.', '2016-04-13 05:07:45'),
    (65, 100, 11, 'Morbi quis tortor id nulla ultrices aliquet.', '2015-12-27 12:33:31'),
    (66, 21, 30, 'Integer ac neque.', '2015-12-14 20:46:36'),
    (67, 27, 42, 'Morbi sem mauris, laoreet ut, rhoncus aliquet, pulvinar sed, nisl. Nunc rhoncus dui vel sem. Sed sagittis.', '2015-09-02 03:26:37'),
    (68, 1, 22, 'In blandit ultrices enim.', '2016-02-04 20:47:34'),
    (69, 184, 11, 'Donec semper sapien a libero.', '2015-12-07 22:07:33'),
    (70, 125, 9, 'Aliquam non mauris. Morbi non lectus. Aliquam sit amet diam in magna bibendum imperdiet.', '2016-03-26 23:03:23'),
    (71, 15, 42, 'Integer a nibh. In quis justo.', '2015-08-24 22:56:20'),
    (72, 161, 6, 'Etiam justo.', '2015-10-20 11:26:09'),
    (73, 159, 2, 'Fusce consequat. Nulla nisl. Nunc nisl.', '2015-09-04 14:11:28'),
    (74, 177, 31, 'Nulla nisl.', '2015-07-04 09:02:48'),
    (75, 181, 9, 'Cum sociis natoque penatibus et magnis dis parturient montes, nascetur ridiculus mus. Vivamus vestibulum sagittis sapien.', '2015-04-29 01:22:19'),
    (76, 63, 12, 'Vestibulum ante ipsum primis in faucibus orci luctus et ultrices posuere cubilia Curae, Duis faucibus accumsan odio. Curabitur convallis.', '2015-07-11 23:07:52'),
    (77, 99, 2, 'Integer ac neque. Duis bibendum.', '2015-07-04 00:22:39'),
    (78, 15, 13, 'Morbi vel lectus in quam fringilla rhoncus.', '2015-05-24 04:58:23'),
    (79, 178, 33, 'Nulla nisl.', '2015-12-12 03:16:36'),
    (80, 67, 20, 'Fusce consequat. Nulla nisl.', '2015-04-28 12:43:08'),
    (81, 76, 31, 'Praesent lectus.', '2016-04-19 02:20:55'),
    (82, 48, 35, 'Phasellus in felis. Donec semper sapien a libero.', '2015-12-07 08:23:42'),
    (83, 103, 7, 'In tempor, turpis nec euismod scelerisque, quam turpis adipiscing lorem, vitae mattis nibh ligula nec sem. Duis aliquam convallis nunc. Proin at turpis a pede posuere nonummy.', '2015-12-06 18:24:07'),
    (84, 70, 4, 'Duis consequat dui nec nisi volutpat eleifend. Donec ut dolor.', '2015-06-16 00:00:05'),
    (85, 84, 50, 'Vivamus tortor.', '2015-07-14 05:25:53'),
    (86, 35, 24, 'Donec odio justo, sollicitudin ut, suscipit a, feugiat et, eros. Vestibulum ac est lacinia nisi venenatis tristique. Fusce congue, diam id ornare imperdiet, sapien urna pretium nisl, ut volutpat sapien arcu sed augue.', '2016-02-02 00:20:22'),
    (87, 25, 36, 'Praesent blandit lacinia erat. Vestibulum sed magna at nunc commodo placerat. Praesent blandit.', '2015-09-05 06:55:46'),
    (88, 125, 9, 'Ut tellus. Nulla ut erat id mauris vulputate elementum. Nullam varius.', '2015-10-23 03:08:44'),
    (89, 132, 46, 'Vivamus tortor.', '2015-09-26 04:35:52'),
    (90, 9, 38, 'Nulla ut erat id mauris vulputate elementum. Nullam varius. Nulla facilisi.', '2015-12-19 02:51:27'),
    (91, 199, 11, 'Sed sagittis. Nam congue, risus semper porta volutpat, quam pede lobortis ligula, sit amet eleifend pede libero quis orci.', '2015-05-09 04:31:09'),
    (92, 126, 50, 'Morbi sem mauris, laoreet ut, rhoncus aliquet, pulvinar sed, nisl. Nunc rhoncus dui vel sem. Sed sagittis.', '2016-02-25 18:54:29'),
    (93, 47, 36, 'Aliquam sit amet diam in magna bibendum imperdiet.', '2015-10-20 11:09:34'),
    (94, 152, 41, 'Vestibulum ante ipsum primis in faucibus orci luctus et ultrices posuere cubilia Curae, Duis faucibus accumsan odio.', '2015-09-22 22:52:08'),
    (95, 162, 32, 'Integer aliquet, massa id lobortis convallis, tortor risus dapibus augue, vel accumsan tellus nisi eu orci. Mauris lacinia sapien quis libero.', '2015-07-22 21:24:52'),
    (96, 161, 30, 'Integer ac leo. Pellentesque ultrices mattis odio.', '2015-05-29 15:21:58'),
    (97, 173, 26, 'Morbi non lectus. Aliquam sit amet diam in magna bibendum imperdiet. Nullam orci pede, venenatis non, sodales sed, tincidunt eu, felis.', '2015-05-29 12:08:38'),
    (98, 83, 41, 'Quisque ut erat. Curabitur gravida nisi at nibh. In hac habitasse platea dictumst.', '2015-07-17 05:01:13'),
    (99, 1, 49, 'Aliquam augue quam, sollicitudin vitae, consectetuer eget, rutrum at, lorem. Integer tincidunt ante vel ipsum. Praesent blandit lacinia erat.', '2015-12-24 03:55:05'),
    (100, 126, 13, 'Morbi vestibulum, velit id pretium iaculis, diam erat fermentum justo, nec condimentum neque sapien placerat ante. Nulla justo. Aliquam quis turpis eget elit sodales scelerisque.', '2015-10-12 22:03:05'),
    (101, 1, 49, 'Vivamus vestibulum sagittis sapien. Cum sociis natoque penatibus et magnis dis parturient montes, nascetur ridiculus mus. Etiam vel augue.', '2015-12-20 07:25:41'),
    (102, 25, 48, 'Donec posuere metus vitae ipsum.', '2015-12-08 17:59:03'),
    (103, 154, 24, 'Morbi odio odio, elementum eu, interdum eu, tincidunt in, leo. Maecenas pulvinar lobortis est. Phasellus sit amet erat.', '2015-10-12 04:41:12'),
    (104, 175, 49, 'Vestibulum ante ipsum primis in faucibus orci luctus et ultrices posuere cubilia Curae, Duis faucibus accumsan odio. Curabitur convallis.', '2015-12-24 01:50:33'),
    (105, 137, 10, 'In tempor, turpis nec euismod scelerisque, quam turpis adipiscing lorem, vitae mattis nibh ligula nec sem. Duis aliquam convallis nunc. Proin at turpis a pede posuere nonummy.', '2015-09-01 14:15:34'),
    (106, 144, 14, 'Suspendisse ornare consequat lectus. In est risus, auctor sed, tristique in, tempus sit amet, sem. Fusce consequat.', '2015-11-29 12:16:27'),
    (107, 174, 42, 'Praesent blandit lacinia erat. Vestibulum sed magna at nunc commodo placerat. Praesent blandit.', '2015-09-30 15:29:59'),
    (108, 188, 44, 'Fusce posuere felis sed lacus.', '2015-05-23 19:26:12'),
    (109, 89, 20, 'Integer ac neque. Duis bibendum. Morbi non quam nec dui luctus rutrum.', '2015-08-23 11:03:28'),
    (110, 9, 31, 'Proin leo odio, porttitor id, consequat in, consequat ut, nulla.', '2015-08-28 02:14:12'),
    (111, 65, 8, 'Duis ac nibh. Fusce lacus purus, aliquet at, feugiat non, pretium quis, lectus.', '2015-12-07 11:16:35'),
    (112, 101, 20, 'Integer ac leo. Pellentesque ultrices mattis odio.', '2015-08-14 23:15:02'),
    (113, 163, 18, 'Duis mattis egestas metus. Aenean fermentum.', '2015-10-04 12:25:42'),
    (114, 27, 1, 'Morbi porttitor lorem id ligula. Suspendisse ornare consequat lectus.', '2015-08-28 00:54:15'),
    (115, 118, 9, 'Etiam justo.', '2016-03-17 23:19:41'),
    (116, 179, 42, 'Pellentesque at nulla. Suspendisse potenti. Cras in purus eu magna vulputate luctus.', '2015-08-27 13:54:12'),
    (117, 36, 19, 'Proin at turpis a pede posuere nonummy. Integer non velit. Donec diam neque, vestibulum eget, vulputate ut, ultrices vel, augue.', '2015-10-10 15:49:45'),
    (118, 27, 37, 'Integer aliquet, massa id lobortis convallis, tortor risus dapibus augue, vel accumsan tellus nisi eu orci. Mauris lacinia sapien quis libero. Nullam sit amet turpis elementum ligula vehicula consequat.', '2016-03-19 06:38:40'),
    (119, 7, 46, 'Nunc purus. Phasellus in felis. Donec semper sapien a libero.', '2016-04-14 21:57:01'),
    (120, 55, 32, 'Fusce consequat. Nulla nisl. Nunc nisl.', '2015-12-17 23:59:06'),
    (121, 43, 6, 'Nulla tellus.', '2015-10-10 13:55:43'),
    (122, 54, 20, 'In hac habitasse platea dictumst. Morbi vestibulum, velit id pretium iaculis, diam erat fermentum justo, nec condimentum neque sapien placerat ante. Nulla justo.', '2016-04-08 23:44:10'),
    (123, 110, 28, 'Integer non velit.', '2015-08-20 20:13:31'),
    (124, 114, 44, 'Sed vel enim sit amet nunc viverra dapibus. Nulla suscipit ligula in lacus.', '2015-08-28 07:45:18'),
    (125, 77, 38, 'Morbi vestibulum, velit id pretium iaculis, diam erat fermentum justo, nec condimentum neque sapien placerat ante.', '2015-07-20 01:34:16'),
    (126, 112, 18, 'Nullam orci pede, venenatis non, sodales sed, tincidunt eu, felis. Fusce posuere felis sed lacus.', '2015-09-20 00:49:35'),
    (127, 11, 11, 'Aenean lectus. Pellentesque eget nunc.', '2016-01-23 17:06:48'),
    (128, 175, 36, 'Praesent blandit lacinia erat. Vestibulum sed magna at nunc commodo placerat.', '2015-10-15 16:36:48'),
    (129, 51, 10, 'In est risus, auctor sed, tristique in, tempus sit amet, sem.', '2015-06-02 11:09:26'),
    (130, 5, 2, 'Fusce lacus purus, aliquet at, feugiat non, pretium quis, lectus.', '2015-11-08 18:20:43'),
    (131, 74, 9, 'Integer non velit. Donec diam neque, vestibulum eget, vulputate ut, ultrices vel, augue.', '2016-03-03 19:57:52'),
    (132, 97, 27, 'Ut tellus.', '2016-03-21 11:39:33'),
    (133, 199, 28, 'Vestibulum ante ipsum primis in faucibus orci luctus et ultrices posuere cubilia Curae, Nulla dapibus dolor vel est.', '2015-06-26 01:17:45'),
    (134, 185, 15, 'Nullam molestie nibh in lectus. Pellentesque at nulla.', '2015-06-08 23:40:33'),
    (135, 50, 34, 'Nulla neque libero, convallis eget, eleifend luctus, ultricies eu, nibh. Quisque id justo sit amet sapien dignissim vestibulum.', '2015-11-30 18:30:07'),
    (136, 195, 30, 'Morbi vestibulum, velit id pretium iaculis, diam erat fermentum justo, nec condimentum neque sapien placerat ante.', '2016-04-21 15:45:57'),
    (137, 52, 17, 'Duis at velit eu est congue elementum.', '2016-04-01 22:31:42'),
    (138, 15, 35, 'Fusce lacus purus, aliquet at, feugiat non, pretium quis, lectus. Suspendisse potenti. In eleifend quam a odio.', '2015-08-25 22:34:25'),
    (139, 125, 10, 'Aliquam augue quam, sollicitudin vitae, consectetuer eget, rutrum at, lorem.', '2015-06-13 04:42:17'),
    (140, 3, 8, 'Proin eu mi.', '2015-10-10 09:56:02'),
    (141, 142, 33, 'In eleifend quam a odio.', '2015-11-05 13:11:38'),
    (142, 181, 33, 'Vestibulum ante ipsum primis in faucibus orci luctus et ultrices posuere cubilia Curae, Mauris viverra diam vitae quam.', '2015-11-03 02:26:51'),
    (143, 177, 32, 'Vestibulum ante ipsum primis in faucibus orci luctus et ultrices posuere cubilia Curae, Duis faucibus accumsan odio. Curabitur convallis. Duis consequat dui nec nisi volutpat eleifend.', '2015-09-13 02:03:48'),
    (144, 2, 41, 'Aenean lectus.', '2016-03-29 01:38:25'),
    (145, 95, 12, 'Nullam molestie nibh in lectus. Pellentesque at nulla.', '2015-04-28 04:59:12'),
    (146, 128, 13, 'Nulla tellus.', '2016-01-23 10:41:34'),
    (147, 178, 4, 'Proin interdum mauris non ligula pellentesque ultrices.', '2015-11-08 22:29:33'),
    (148, 51, 4, 'Etiam pretium iaculis justo. In hac habitasse platea dictumst. Etiam faucibus cursus urna.', '2016-03-31 04:20:45'),
    (149, 118, 3, 'Duis consequat dui nec nisi volutpat eleifend. Donec ut dolor.', '2016-01-29 17:01:01'),
    (150, 149, 27, 'Quisque porta volutpat erat.', '2015-10-25 06:50:47'),
    (151, 88, 11, 'Duis mattis egestas metus. Aenean fermentum.', '2015-06-19 13:09:13'),
    (152, 47, 16, 'Cras in purus eu magna vulputate luctus. Cum sociis natoque penatibus et magnis dis parturient montes, nascetur ridiculus mus. Vivamus vestibulum sagittis sapien.', '2015-07-20 19:06:11'),
    (153, 142, 37, 'Nulla nisl. Nunc nisl. Duis bibendum, felis sed interdum venenatis, turpis enim blandit mi, in porttitor pede justo eu massa.', '2015-05-27 18:06:41'),
    (154, 90, 10, 'Morbi non quam nec dui luctus rutrum.', '2016-04-06 04:16:55'),
    (155, 55, 43, 'Suspendisse potenti. Cras in purus eu magna vulputate luctus. Cum sociis natoque penatibus et magnis dis parturient montes, nascetur ridiculus mus.', '2016-02-28 21:14:00'),
    (156, 86, 8, 'Maecenas pulvinar lobortis est. Phasellus sit amet erat. Nulla tempus.', '2015-08-20 08:06:07'),
    (157, 119, 5, 'In hac habitasse platea dictumst.', '2016-04-04 07:05:39'),
    (158, 103, 44, 'Duis bibendum. Morbi non quam nec dui luctus rutrum.', '2015-06-18 08:42:16'),
    (159, 125, 23, 'Mauris lacinia sapien quis libero. Nullam sit amet turpis elementum ligula vehicula consequat.', '2015-05-14 12:53:59'),
    (160, 181, 39, 'Praesent blandit lacinia erat.', '2015-05-26 17:48:56'),
    (161, 180, 18, 'Suspendisse potenti. Cras in purus eu magna vulputate luctus. Cum sociis natoque penatibus et magnis dis parturient montes, nascetur ridiculus mus.', '2015-07-30 18:12:49'),
    (162, 102, 46, 'Quisque id justo sit amet sapien dignissim vestibulum. Vestibulum ante ipsum primis in faucibus orci luctus et ultrices posuere cubilia Curae, Nulla dapibus dolor vel est. Donec odio justo, sollicitudin ut, suscipit a, feugiat et, eros.', '2015-10-20 18:00:37'),
    (163, 177, 11, 'Vestibulum rutrum rutrum neque. Aenean auctor gravida sem. Praesent id massa id nisl venenatis lacinia.', '2016-04-16 09:48:20'),
    (164, 128, 15, 'Donec posuere metus vitae ipsum. Aliquam non mauris.', '2015-10-21 15:47:48'),
    (165, 26, 42, 'Curabitur in libero ut massa volutpat convallis. Morbi odio odio, elementum eu, interdum eu, tincidunt in, leo.', '2015-05-11 17:04:01'),
    (166, 52, 21, 'Nam dui. Proin leo odio, porttitor id, consequat in, consequat ut, nulla. Sed accumsan felis.', '2015-11-23 11:30:09'),
    (167, 70, 12, 'Maecenas tincidunt lacus at velit. Vivamus vel nulla eget eros elementum pellentesque.', '2015-06-21 08:49:51'),
    (168, 64, 32, 'Fusce lacus purus, aliquet at, feugiat non, pretium quis, lectus. Suspendisse potenti.', '2016-04-08 09:11:29'),
    (169, 137, 19, 'Etiam justo. Etiam pretium iaculis justo. In hac habitasse platea dictumst.', '2016-03-27 23:25:04'),
    (170, 132, 41, 'Nunc rhoncus dui vel sem. Sed sagittis.', '2015-07-12 23:36:30'),
    (171, 172, 28, 'Proin interdum mauris non ligula pellentesque ultrices. Phasellus id sapien in sapien iaculis congue.', '2015-07-21 06:22:17'),
    (172, 86, 42, 'Proin eu mi. Nulla ac enim. In tempor, turpis nec euismod scelerisque, quam turpis adipiscing lorem, vitae mattis nibh ligula nec sem.', '2015-07-23 14:55:35'),
    (173, 85, 39, 'Aenean sit amet justo. Morbi ut odio.', '2016-03-25 00:54:34'),
    (174, 45, 43, 'Praesent lectus.', '2015-10-20 21:21:50'),
    (175, 4, 24, 'Praesent blandit.', '2015-06-29 08:24:26'),
    (176, 152, 7, 'Nulla mollis molestie lorem. Quisque ut erat. Curabitur gravida nisi at nibh.', '2016-04-20 08:12:13'),
    (177, 64, 46, 'Praesent id massa id nisl venenatis lacinia. Aenean sit amet justo.', '2015-11-07 00:50:04'),
    (178, 150, 8, 'Cras non velit nec nisi vulputate nonummy. Maecenas tincidunt lacus at velit. Vivamus vel nulla eget eros elementum pellentesque.', '2015-11-17 05:22:02'),
    (179, 187, 37, 'Morbi ut odio. Cras mi pede, malesuada in, imperdiet et, commodo vulputate, justo. In blandit ultrices enim.', '2015-10-26 03:19:33'),
    (180, 127, 29, 'Etiam faucibus cursus urna. Ut tellus. Nulla ut erat id mauris vulputate elementum.', '2016-01-29 12:03:18'),
    (181, 148, 13, 'Aenean lectus. Pellentesque eget nunc.', '2015-06-27 06:12:30'),
    (182, 159, 20, 'Duis mattis egestas metus. Aenean fermentum.', '2015-07-27 03:38:24'),
    (183, 158, 20, 'Cras mi pede, malesuada in, imperdiet et, commodo vulputate, justo. In blandit ultrices enim. Lorem ipsum dolor sit amet, consectetuer adipiscing elit.', '2015-09-25 19:28:53'),
    (184, 116, 40, 'Suspendisse potenti. Cras in purus eu magna vulputate luctus.', '2015-10-04 07:39:11'),
    (185, 101, 38, 'Mauris lacinia sapien quis libero.', '2015-08-19 05:40:22'),
    (186, 118, 28, 'Vivamus in felis eu sapien cursus vestibulum.', '2015-11-29 04:45:05'),
    (187, 165, 41, 'Donec vitae nisi. Nam ultrices, libero non mattis pulvinar, nulla pede ullamcorper augue, a suscipit nulla elit ac nulla.', '2015-06-26 14:44:50'),
    (188, 46, 47, 'Nullam porttitor lacus at turpis. Donec posuere metus vitae ipsum. Aliquam non mauris.', '2016-01-03 04:27:20'),
    (189, 143, 48, 'Nulla mollis molestie lorem. Quisque ut erat.', '2015-12-07 03:26:11'),
    (190, 111, 2, 'Quisque ut erat. Curabitur gravida nisi at nibh. In hac habitasse platea dictumst.', '2016-01-23 14:34:55'),
    (191, 38, 44, 'Duis mattis egestas metus.', '2015-12-31 10:09:13'),
    (192, 188, 5, 'In hac habitasse platea dictumst. Morbi vestibulum, velit id pretium iaculis, diam erat fermentum justo, nec condimentum neque sapien placerat ante.', '2015-04-23 18:13:34'),
    (193, 44, 20, 'Suspendisse accumsan tortor quis turpis. Sed ante. Vivamus tortor.', '2015-06-25 18:03:49'),
    (194, 108, 2, 'Nullam varius. Nulla facilisi. Cras non velit nec nisi vulputate nonummy.', '2016-04-09 03:23:09'),
    (195, 147, 22, 'Vestibulum ante ipsum primis in faucibus orci luctus et ultrices posuere cubilia Curae, Mauris viverra diam vitae quam. Suspendisse potenti. Nullam porttitor lacus at turpis.', '2016-01-01 02:00:31'),
    (196, 3, 45, 'Nam ultrices, libero non mattis pulvinar, nulla pede ullamcorper augue, a suscipit nulla elit ac nulla. Sed vel enim sit amet nunc viverra dapibus. Nulla suscipit ligula in lacus.', '2015-06-08 09:27:38'),
    (197, 51, 20, 'Nam nulla.', '2015-06-21 16:19:10'),
    (198, 60, 20, 'Morbi quis tortor id nulla ultrices aliquet.', '2016-01-03 17:01:13'),
    (199, 68, 33, 'Vivamus vestibulum sagittis sapien. Cum sociis natoque penatibus et magnis dis parturient montes, nascetur ridiculus mus.', '2015-10-21 00:35:14'),
    (200, 21, 10, 'Maecenas pulvinar lobortis est.', '2015-06-23 06:19:23'),
    (201, 15, 36, 'Pellentesque at nulla. Suspendisse potenti. Cras in purus eu magna vulputate luctus.', '2015-11-19 06:28:25'),
    (202, 78, 12, 'Aenean fermentum. Donec ut mauris eget massa tempor convallis.', '2015-11-18 03:35:19'),
    (203, 75, 11, 'Mauris lacinia sapien quis libero.', '2016-03-20 14:10:11'),
    (204, 15, 28, 'Quisque ut erat. Curabitur gravida nisi at nibh. In hac habitasse platea dictumst.', '2015-11-15 03:12:31'),
    (205, 195, 24, 'Donec quis orci eget orci vehicula condimentum. Curabitur in libero ut massa volutpat convallis. Morbi odio odio, elementum eu, interdum eu, tincidunt in, leo.', '2015-06-06 12:14:37'),
    (206, 128, 6, 'Vestibulum ante ipsum primis in faucibus orci luctus et ultrices posuere cubilia Curae, Donec pharetra, magna vestibulum aliquet ultrices, erat tortor sollicitudin mi, sit amet lobortis sapien sapien non mi. Integer ac neque. Duis bibendum.', '2015-07-18 02:17:07'),
    (207, 106, 2, 'Duis mattis egestas metus. Aenean fermentum.', '2015-12-03 07:13:47'),
    (208, 123, 23, 'Mauris sit amet eros. Suspendisse accumsan tortor quis turpis. Sed ante.', '2016-03-31 14:09:41'),
    (209, 8, 18, 'Integer tincidunt ante vel ipsum.', '2016-04-15 01:52:19'),
    (210, 115, 37, 'Aliquam sit amet diam in magna bibendum imperdiet. Nullam orci pede, venenatis non, sodales sed, tincidunt eu, felis. Fusce posuere felis sed lacus.', '2015-05-30 03:42:46'),
    (211, 123, 48, 'Duis ac nibh. Fusce lacus purus, aliquet at, feugiat non, pretium quis, lectus.', '2015-08-07 21:38:21'),
    (212, 177, 35, 'Aenean auctor gravida sem.', '2016-01-01 05:06:51'),
    (213, 128, 34, 'Morbi a ipsum. Integer a nibh.', '2015-12-17 00:47:28'),
    (214, 24, 5, 'In quis justo.', '2015-07-17 04:30:02'),
    (215, 59, 22, 'Duis bibendum, felis sed interdum venenatis, turpis enim blandit mi, in porttitor pede justo eu massa. Donec dapibus. Duis at velit eu est congue elementum.', '2015-09-10 21:23:28'),
    (216, 20, 40, 'Praesent lectus. Vestibulum quam sapien, varius ut, blandit non, interdum in, ante.', '2016-02-17 20:48:39'),
    (217, 168, 22, 'Phasellus sit amet erat. Nulla tempus. Vivamus in felis eu sapien cursus vestibulum.', '2015-05-18 12:23:50'),
    (218, 199, 32, 'Morbi sem mauris, laoreet ut, rhoncus aliquet, pulvinar sed, nisl. Nunc rhoncus dui vel sem.', '2015-10-26 05:57:11'),
    (219, 60, 19, 'Maecenas leo odio, condimentum id, luctus nec, molestie sed, justo. Pellentesque viverra pede ac diam.', '2016-02-10 20:04:06'),
    (220, 130, 50, 'In congue. Etiam justo.', '2015-11-09 08:31:35'),
    (221, 33, 32, 'Nulla facilisi. Cras non velit nec nisi vulputate nonummy. Maecenas tincidunt lacus at velit.', '2015-09-13 21:45:49'),
    (222, 23, 6, 'Lorem ipsum dolor sit amet, consectetuer adipiscing elit. Proin interdum mauris non ligula pellentesque ultrices. Phasellus id sapien in sapien iaculis congue.', '2015-09-13 15:23:30'),
    (223, 140, 9, 'Mauris ullamcorper purus sit amet nulla. Quisque arcu libero, rutrum ac, lobortis vel, dapibus at, diam. Nam tristique tortor eu pede.', '2015-07-02 14:29:34'),
    (224, 140, 35, 'Vivamus vestibulum sagittis sapien.', '2015-08-24 18:37:44'),
    (225, 37, 21, 'Sed sagittis. Nam congue, risus semper porta volutpat, quam pede lobortis ligula, sit amet eleifend pede libero quis orci.', '2015-08-16 07:35:20'),
    (226, 91, 9, 'Aenean auctor gravida sem. Praesent id massa id nisl venenatis lacinia.', '2015-12-22 16:22:49'),
    (227, 13, 25, 'Donec semper sapien a libero. Nam dui. Proin leo odio, porttitor id, consequat in, consequat ut, nulla.', '2015-05-05 08:55:03'),
    (228, 178, 15, 'Donec ut mauris eget massa tempor convallis.', '2015-08-20 15:06:25'),
    (229, 55, 48, 'In hac habitasse platea dictumst. Morbi vestibulum, velit id pretium iaculis, diam erat fermentum justo, nec condimentum neque sapien placerat ante.', '2015-10-04 10:39:05'),
    (230, 36, 5, 'Nam ultrices, libero non mattis pulvinar, nulla pede ullamcorper augue, a suscipit nulla elit ac nulla. Sed vel enim sit amet nunc viverra dapibus. Nulla suscipit ligula in lacus.', '2015-12-09 12:51:28'),
    (231, 16, 23, 'Suspendisse potenti.', '2015-07-16 19:57:52'),
    (232, 36, 21, 'Morbi odio odio, elementum eu, interdum eu, tincidunt in, leo. Maecenas pulvinar lobortis est.', '2015-09-08 01:06:45'),
    (233, 115, 4, 'Maecenas ut massa quis augue luctus tincidunt.', '2015-09-22 23:37:55'),
    (234, 57, 49, 'Sed vel enim sit amet nunc viverra dapibus. Nulla suscipit ligula in lacus. Curabitur at ipsum ac tellus semper interdum.', '2015-04-25 06:30:30'),
    (235, 160, 7, 'In tempor, turpis nec euismod scelerisque, quam turpis adipiscing lorem, vitae mattis nibh ligula nec sem. Duis aliquam convallis nunc.', '2015-09-11 10:03:39'),
    (236, 135, 24, 'Cras in purus eu magna vulputate luctus.', '2016-03-01 05:58:15'),
    (237, 13, 1, 'Mauris ullamcorper purus sit amet nulla.', '2015-12-17 06:45:49'),
    (238, 90, 20, 'Proin interdum mauris non ligula pellentesque ultrices.', '2015-09-25 10:59:35'),
    (239, 198, 42, 'Nam dui. Proin leo odio, porttitor id, consequat in, consequat ut, nulla.', '2015-06-01 06:52:58'),
    (240, 117, 16, 'Nulla justo. Aliquam quis turpis eget elit sodales scelerisque.', '2015-12-15 19:29:14'),
    (241, 56, 36, 'Vestibulum ac est lacinia nisi venenatis tristique.', '2015-11-25 09:55:50'),
    (242, 29, 39, 'Pellentesque viverra pede ac diam. Cras pellentesque volutpat dui. Maecenas tristique, est et tempus semper, est quam pharetra magna, ac consequat metus sapien ut nunc.', '2016-04-16 14:47:52'),
    (243, 163, 12, 'Etiam faucibus cursus urna. Ut tellus.', '2015-09-26 22:11:41'),
    (244, 9, 9, 'Fusce congue, diam id ornare imperdiet, sapien urna pretium nisl, ut volutpat sapien arcu sed augue.', '2015-06-11 09:45:45'),
    (245, 98, 33, 'Quisque id justo sit amet sapien dignissim vestibulum. Vestibulum ante ipsum primis in faucibus orci luctus et ultrices posuere cubilia Curae, Nulla dapibus dolor vel est. Donec odio justo, sollicitudin ut, suscipit a, feugiat et, eros.', '2016-01-08 07:41:46'),
    (246, 32, 22, 'Aliquam sit amet diam in magna bibendum imperdiet.', '2015-09-14 10:51:53'),
    (247, 51, 24, 'In tempor, turpis nec euismod scelerisque, quam turpis adipiscing lorem, vitae mattis nibh ligula nec sem. Duis aliquam convallis nunc. Proin at turpis a pede posuere nonummy.', '2016-02-06 02:28:57'),
    (248, 194, 20, 'Cras mi pede, malesuada in, imperdiet et, commodo vulputate, justo. In blandit ultrices enim.', '2016-04-05 16:32:35'),
    (249, 154, 37, 'Maecenas pulvinar lobortis est.', '2015-11-07 15:39:14'),
    (250, 39, 23, 'Pellentesque ultrices mattis odio. Donec vitae nisi.', '2015-10-31 10:03:49'),
    (251, 170, 44, 'In hac habitasse platea dictumst. Morbi vestibulum, velit id pretium iaculis, diam erat fermentum justo, nec condimentum neque sapien placerat ante.', '2015-04-24 15:24:57'),
    (252, 20, 9, 'Integer pede justo, lacinia eget, tincidunt eget, tempus vel, pede. Morbi porttitor lorem id ligula.', '2015-05-19 11:10:23'),
    (253, 79, 30, 'Nam dui.', '2016-02-02 02:04:20'),
    (254, 72, 34, 'Duis consequat dui nec nisi volutpat eleifend.', '2015-09-05 22:43:37'),
    (255, 128, 21, 'In est risus, auctor sed, tristique in, tempus sit amet, sem. Fusce consequat. Nulla nisl.', '2016-01-12 14:53:35'),
    (256, 177, 22, 'Vivamus vel nulla eget eros elementum pellentesque.', '2015-07-16 02:55:40'),
    (257, 50, 50, 'Nulla neque libero, convallis eget, eleifend luctus, ultricies eu, nibh. Quisque id justo sit amet sapien dignissim vestibulum.', '2016-04-16 22:35:37'),
    (258, 28, 2, 'Nullam molestie nibh in lectus.', '2016-01-18 07:51:30'),
    (259, 144, 6, 'Cras non velit nec nisi vulputate nonummy.', '2016-02-12 09:26:50'),
    (260, 155, 6, 'Vivamus in felis eu sapien cursus vestibulum.', '2016-02-12 17:09:36'),
    (261, 140, 4, 'Curabitur in libero ut massa volutpat convallis. Morbi odio odio, elementum eu, interdum eu, tincidunt in, leo.', '2015-05-27 23:08:39'),
    (262, 61, 36, 'Integer ac neque. Duis bibendum.', '2015-10-12 01:38:28'),
    (263, 67, 19, 'Vivamus in felis eu sapien cursus vestibulum.', '2016-03-13 05:12:03'),
    (264, 45, 13, 'Cras mi pede, malesuada in, imperdiet et, commodo vulputate, justo. In blandit ultrices enim.', '2015-07-10 00:20:40'),
    (265, 86, 30, 'In hac habitasse platea dictumst. Aliquam augue quam, sollicitudin vitae, consectetuer eget, rutrum at, lorem. Integer tincidunt ante vel ipsum.', '2015-07-01 18:13:54'),
    (266, 190, 7, 'Duis bibendum.', '2015-07-31 04:37:39'),
    (267, 64, 22, 'In hac habitasse platea dictumst.', '2015-06-12 23:35:50'),
    (268, 180, 30, 'Maecenas pulvinar lobortis est. Phasellus sit amet erat.', '2015-12-05 18:58:03'),
    (269, 83, 36, 'Morbi sem mauris, laoreet ut, rhoncus aliquet, pulvinar sed, nisl. Nunc rhoncus dui vel sem. Sed sagittis.', '2015-07-07 02:24:41'),
    (270, 112, 7, 'Praesent blandit lacinia erat.', '2015-10-01 13:59:36'),
    (271, 152, 12, 'Maecenas leo odio, condimentum id, luctus nec, molestie sed, justo.', '2016-03-23 05:24:53'),
    (272, 49, 26, 'Duis ac nibh.', '2015-12-26 02:41:02'),
    (273, 172, 12, 'Nulla mollis molestie lorem. Quisque ut erat. Curabitur gravida nisi at nibh.', '2015-12-16 07:44:48'),
    (274, 179, 33, 'Vestibulum quam sapien, varius ut, blandit non, interdum in, ante.', '2015-09-22 15:49:15'),
    (275, 28, 13, 'Integer ac leo. Pellentesque ultrices mattis odio.', '2015-12-14 11:31:34'),
    (276, 55, 40, 'Maecenas leo odio, condimentum id, luctus nec, molestie sed, justo.', '2016-03-16 11:29:24'),
    (277, 33, 49, 'Mauris ullamcorper purus sit amet nulla. Quisque arcu libero, rutrum ac, lobortis vel, dapibus at, diam.', '2015-06-19 03:06:25'),
    (278, 88, 40, 'Donec posuere metus vitae ipsum.', '2016-01-30 21:37:26'),
    (279, 115, 10, 'Morbi porttitor lorem id ligula. Suspendisse ornare consequat lectus. In est risus, auctor sed, tristique in, tempus sit amet, sem.', '2015-11-28 10:01:29'),
    (280, 162, 27, 'Vestibulum ante ipsum primis in faucibus orci luctus et ultrices posuere cubilia Curae, Nulla dapibus dolor vel est. Donec odio justo, sollicitudin ut, suscipit a, feugiat et, eros. Vestibulum ac est lacinia nisi venenatis tristique.', '2016-04-03 01:14:15'),
    (281, 21, 46, 'Maecenas leo odio, condimentum id, luctus nec, molestie sed, justo. Pellentesque viverra pede ac diam. Cras pellentesque volutpat dui.', '2015-10-16 16:52:41'),
    (282, 13, 41, 'Duis aliquam convallis nunc.', '2015-07-05 01:33:54'),
    (283, 143, 11, 'Aenean auctor gravida sem. Praesent id massa id nisl venenatis lacinia. Aenean sit amet justo.', '2016-02-04 13:02:57'),
    (284, 15, 6, 'Nam congue, risus semper porta volutpat, quam pede lobortis ligula, sit amet eleifend pede libero quis orci.', '2015-09-19 21:49:55'),
    (285, 91, 35, 'Duis consequat dui nec nisi volutpat eleifend.', '2015-10-14 07:03:30'),
    (286, 45, 39, 'Donec vitae nisi. Nam ultrices, libero non mattis pulvinar, nulla pede ullamcorper augue, a suscipit nulla elit ac nulla.', '2016-02-04 14:50:36'),
    (287, 55, 18, 'Pellentesque ultrices mattis odio. Donec vitae nisi.', '2016-01-13 23:10:03'),
    (288, 195, 31, 'Duis aliquam convallis nunc. Proin at turpis a pede posuere nonummy. Integer non velit.', '2016-02-06 22:55:21'),
    (289, 67, 25, 'Nullam varius. Nulla facilisi. Cras non velit nec nisi vulputate nonummy.', '2016-02-28 13:58:01'),
    (290, 131, 37, 'Pellentesque eget nunc. Donec quis orci eget orci vehicula condimentum. Curabitur in libero ut massa volutpat convallis.', '2016-03-11 02:30:15'),
    (291, 118, 28, 'Duis bibendum, felis sed interdum venenatis, turpis enim blandit mi, in porttitor pede justo eu massa. Donec dapibus. Duis at velit eu est congue elementum.', '2015-09-29 05:16:17'),
    (292, 68, 41, 'Duis consequat dui nec nisi volutpat eleifend. Donec ut dolor.', '2015-07-27 20:22:52'),
    (293, 118, 27, 'Duis aliquam convallis nunc.', '2016-02-28 07:17:35'),
    (294, 102, 48, 'Suspendisse potenti.', '2015-05-30 10:50:56'),
    (295, 5, 7, 'Etiam pretium iaculis justo. In hac habitasse platea dictumst. Etiam faucibus cursus urna.', '2015-07-22 03:28:19'),
    (296, 57, 4, 'Cras mi pede, malesuada in, imperdiet et, commodo vulputate, justo. In blandit ultrices enim. Lorem ipsum dolor sit amet, consectetuer adipiscing elit.', '2015-05-18 08:14:53'),
    (297, 156, 27, 'Nunc nisl. Duis bibendum, felis sed interdum venenatis, turpis enim blandit mi, in porttitor pede justo eu massa.', '2015-08-03 23:31:51'),
    (298, 105, 45, 'Quisque erat eros, viverra eget, congue eget, semper rutrum, nulla.', '2015-12-10 09:34:45'),
    (299, 27, 4, 'Fusce consequat.', '2015-05-01 20:35:43'),
    (300, 179, 32, 'In hac habitasse platea dictumst.', '2015-12-10 11:15:19');

insert into votes (id, nameProposalId, organizerId, createdOn) values
    (1, 62, 18, '2015-05-20 01:14:43'),
    (2, 120, 6, '2015-11-17 13:40:41'),
    (3, 121, 45, '2015-06-13 18:12:08'),
    (4, 103, 14, '2016-02-10 01:14:35'),
    (5, 38, 2, '2015-06-19 13:41:54'),
    (6, 163, 45, '2015-09-03 21:25:13'),
    (7, 196, 24, '2015-11-16 12:08:40'),
    (8, 126, 5, '2016-02-24 03:33:42'),
    (9, 161, 10, '2015-10-31 09:10:41'),
    (10, 26, 19, '2015-09-23 13:49:34'),
    (11, 34, 33, '2015-10-04 03:39:55'),
    (12, 56, 28, '2015-11-12 16:28:46'),
    (13, 112, 40, '2016-02-08 02:36:48'),
    (14, 100, 3, '2015-11-17 07:23:39'),
    (15, 15, 33, '2016-02-18 20:17:56'),
    (16, 38, 42, '2015-05-05 00:14:41'),
    (17, 35, 32, '2016-03-29 20:28:36'),
    (18, 146, 44, '2015-09-28 15:15:20'),
    (19, 76, 24, '2015-10-18 18:07:10'),
    (20, 71, 25, '2016-02-22 15:52:13'),
    (21, 68, 4, '2016-03-16 08:15:42'),
    (22, 148, 48, '2016-04-11 15:32:56'),
    (23, 92, 13, '2015-06-16 08:22:37'),
    (24, 96, 12, '2016-02-25 07:13:30'),
    (25, 18, 10, '2015-05-28 12:14:39'),
    (26, 182, 38, '2015-08-28 13:44:00'),
    (27, 177, 2, '2015-07-26 10:26:41'),
    (28, 91, 47, '2016-04-18 08:47:04'),
    (29, 165, 38, '2015-08-01 04:01:45'),
    (30, 152, 11, '2015-05-03 22:52:12'),
    (31, 176, 46, '2015-11-16 03:34:00'),
    (32, 67, 27, '2016-03-13 15:49:45'),
    (33, 45, 7, '2016-02-07 08:35:04'),
    (34, 115, 19, '2015-07-12 05:09:08'),
    (35, 143, 12, '2016-02-28 22:16:57'),
    (36, 111, 5, '2015-06-07 07:22:14'),
    (37, 177, 24, '2015-06-11 15:08:09'),
    (38, 69, 24, '2016-01-23 23:17:39'),
    (39, 148, 47, '2015-12-11 15:10:08'),
    (40, 137, 3, '2016-04-03 15:08:32'),
    (41, 149, 4, '2015-12-10 23:01:16'),
    (42, 1, 5, '2015-08-13 14:05:52'),
    (43, 157, 26, '2016-04-06 13:42:35'),
    (44, 1, 13, '2015-07-04 06:49:22'),
    (45, 5, 10, '2015-08-30 09:13:41'),
    (46, 94, 26, '2015-08-03 04:04:22'),
    (47, 90, 29, '2016-04-11 11:38:58'),
    (48, 94, 38, '2016-02-01 19:59:17'),
    (49, 195, 19, '2016-02-24 18:18:02'),
    (50, 60, 38, '2015-12-26 16:42:30'),
    (51, 149, 16, '2015-06-22 19:44:03'),
    (52, 189, 19, '2015-11-11 10:05:24'),
    (53, 111, 28, '2016-02-18 00:00:06'),
    (54, 101, 3, '2015-09-20 23:11:03'),
    (55, 77, 43, '2016-02-28 15:09:25'),
    (56, 33, 39, '2016-03-20 05:41:55'),
    (57, 39, 7, '2016-03-13 18:09:45'),
    (58, 107, 27, '2015-05-30 05:06:58'),
    (59, 31, 28, '2015-06-29 00:39:27'),
    (60, 90, 41, '2015-08-15 04:38:14'),
    (61, 85, 9, '2015-09-21 01:04:16'),
    (62, 168, 11, '2015-05-09 21:58:22'),
    (63, 177, 21, '2015-06-13 00:05:57'),
    (64, 141, 38, '2016-01-07 03:37:14'),
    (65, 167, 39, '2015-09-11 06:01:50'),
    (66, 39, 6, '2016-03-11 12:29:47'),
    (67, 79, 15, '2016-01-18 16:18:14'),
    (68, 32, 22, '2016-04-06 18:26:11'),
    (69, 67, 38, '2015-09-11 14:10:13'),
    (70, 174, 24, '2016-01-22 05:48:03'),
    (71, 109, 5, '2015-07-28 01:44:26'),
    (72, 116, 49, '2016-02-06 04:45:18'),
    (73, 107, 30, '2015-08-24 08:20:36'),
    (74, 182, 27, '2015-09-06 06:44:33'),
    (75, 176, 28, '2016-02-21 13:02:33'),
    (76, 129, 10, '2015-05-14 22:47:32'),
    (77, 6, 29, '2015-05-01 01:54:13'),
    (78, 188, 2, '2015-11-11 06:43:03'),
    (79, 185, 33, '2015-08-09 21:13:35'),
    (80, 161, 13, '2015-05-14 17:41:30'),
    (81, 30, 49, '2015-04-23 07:45:33'),
    (82, 138, 12, '2016-03-21 12:29:34'),
    (83, 163, 46, '2016-04-19 17:52:52'),
    (84, 149, 5, '2016-03-07 16:07:57'),
    (85, 116, 48, '2016-03-22 06:00:27'),
    (86, 182, 42, '2015-08-14 04:41:03'),
    (87, 11, 31, '2015-06-17 17:15:12'),
    (88, 22, 12, '2015-11-22 03:32:19'),
    (89, 11, 41, '2015-12-05 08:42:50'),
    (90, 83, 5, '2016-02-02 12:52:09'),
    (91, 6, 42, '2016-01-03 09:52:03'),
    (92, 92, 18, '2015-05-08 15:45:02'),
    (93, 110, 44, '2016-03-10 06:30:38'),
    (94, 105, 50, '2016-01-23 14:57:32'),
    (95, 17, 25, '2015-06-14 12:16:24'),
    (96, 192, 3, '2015-10-28 18:34:13'),
    (97, 113, 38, '2015-07-21 09:59:14'),
    (98, 70, 27, '2015-11-17 19:02:57'),
    (99, 196, 47, '2015-10-14 17:42:47'),
    (100, 38, 29, '2016-01-16 11:12:36'),
    (101, 169, 20, '2015-05-05 06:45:34'),
    (102, 130, 47, '2015-09-14 00:19:25'),
    (103, 125, 45, '2015-11-23 05:32:42'),
    (104, 103, 2, '2016-03-03 03:07:24'),
    (105, 162, 7, '2015-06-16 13:53:12'),
    (106, 114, 8, '2015-08-06 04:30:43'),
    (107, 28, 23, '2015-09-19 00:21:40'),
    (108, 131, 1, '2015-07-25 19:38:19'),
    (109, 100, 21, '2016-02-23 21:26:58'),
    (110, 173, 49, '2016-04-19 08:48:19'),
    (111, 31, 17, '2015-08-22 03:52:14'),
    (112, 110, 4, '2015-09-18 09:48:33'),
    (113, 133, 36, '2015-07-03 20:12:26'),
    (114, 11, 11, '2015-12-03 15:08:24'),
    (115, 29, 48, '2015-09-04 10:58:22'),
    (116, 135, 44, '2016-03-29 07:36:27'),
    (117, 25, 31, '2015-05-24 01:20:26'),
    (118, 124, 25, '2016-03-07 05:24:54'),
    (119, 143, 14, '2015-10-02 20:17:11'),
    (120, 146, 20, '2016-03-08 10:08:42'),
    (121, 152, 34, '2016-02-03 02:27:28'),
    (122, 118, 26, '2015-07-16 12:16:54'),
    (123, 193, 38, '2015-09-05 19:29:54'),
    (124, 63, 41, '2016-03-07 15:17:22'),
    (125, 161, 3, '2015-12-01 07:55:18'),
    (126, 22, 10, '2016-03-12 23:16:14'),
    (127, 28, 36, '2015-08-30 21:46:37'),
    (128, 162, 25, '2015-11-30 02:41:10'),
    (129, 5, 40, '2015-05-29 13:46:30'),
    (130, 63, 42, '2015-05-26 08:58:53'),
    (131, 105, 7, '2015-12-10 21:57:50'),
    (132, 139, 2, '2015-09-09 20:48:57'),
    (133, 61, 28, '2015-07-24 06:03:05'),
    (134, 171, 43, '2015-10-30 11:40:56'),
    (135, 23, 50, '2016-03-25 04:42:33'),
    (136, 133, 33, '2016-04-10 02:03:50'),
    (137, 84, 24, '2015-05-07 02:51:08'),
    (138, 126, 38, '2015-07-15 03:04:29'),
    (139, 24, 39, '2015-10-27 00:24:09'),
    (140, 9, 37, '2015-05-02 02:25:24'),
    (141, 53, 36, '2015-06-12 00:27:19'),
    (142, 73, 39, '2016-01-12 09:59:29'),
    (143, 83, 12, '2015-06-04 06:27:50'),
    (144, 149, 50, '2016-01-08 14:51:18'),
    (145, 138, 5, '2016-01-19 05:05:51'),
    (146, 160, 1, '2015-10-24 20:21:38'),
    (147, 68, 28, '2016-02-27 05:36:07'),
    (148, 97, 3, '2016-01-10 22:03:49'),
    (149, 20, 31, '2015-07-18 16:54:18'),
    (150, 26, 5, '2015-10-10 11:12:39'),
    (151, 90, 3, '2016-04-13 13:53:15'),
    (152, 162, 1, '2016-03-29 20:15:46'),
    (153, 67, 20, '2015-07-14 16:50:14'),
    (154, 124, 20, '2015-10-06 18:58:25'),
    (155, 150, 26, '2015-08-25 15:33:13'),
    (156, 17, 26, '2016-04-03 12:10:23'),
    (157, 167, 1, '2015-05-30 12:06:05'),
    (158, 9, 27, '2015-11-07 00:52:27'),
    (159, 75, 21, '2015-08-19 02:00:14'),
    (160, 30, 35, '2015-05-26 09:32:49'),
    (161, 181, 8, '2015-11-08 03:08:02'),
    (162, 173, 44, '2015-09-29 06:51:29'),
    (163, 55, 32, '2015-07-24 23:35:48'),
    (164, 121, 5, '2015-12-11 12:23:02'),
    (165, 1, 50, '2016-03-13 09:56:27'),
    (166, 101, 13, '2015-09-25 10:52:01'),
    (167, 68, 24, '2015-11-08 03:36:39'),
    (168, 136, 38, '2016-01-19 08:26:07'),
    (169, 1, 24, '2015-09-18 08:18:50'),
    (170, 27, 17, '2015-05-06 00:03:13'),
    (171, 62, 2, '2015-09-24 16:44:02'),
    (172, 31, 43, '2015-10-24 21:02:16'),
    (173, 32, 28, '2016-01-09 13:56:16'),
    (174, 32, 41, '2016-04-17 05:38:16'),
    (175, 37, 8, '2015-08-07 17:23:21'),
    (176, 144, 1, '2015-12-21 17:41:33'),
    (177, 75, 48, '2016-02-27 19:56:06'),
    (178, 75, 49, '2015-05-23 23:42:21'),
    (179, 34, 44, '2016-01-22 00:25:33'),
    (180, 106, 2, '2015-04-25 00:19:00'),
    (181, 24, 41, '2015-09-23 00:38:41'),
    (182, 38, 41, '2015-11-19 21:06:34'),
    (183, 48, 15, '2015-09-14 01:05:32'),
    (184, 7, 20, '2015-07-03 20:51:40'),
    (185, 85, 25, '2015-05-31 20:50:11'),
    (186, 95, 37, '2015-08-06 23:03:45'),
    (187, 4, 13, '2015-09-13 04:37:39'),
    (188, 50, 36, '2016-02-18 21:51:39'),
    (189, 187, 10, '2016-04-02 11:51:53'),
    (190, 56, 47, '2015-12-31 11:50:34'),
    (191, 24, 21, '2015-10-09 14:41:28'),
    (192, 151, 42, '2016-02-07 20:56:43'),
    (193, 142, 6, '2015-10-28 15:00:41'),
    (194, 127, 12, '2015-08-13 00:48:09'),
    (195, 103, 18, '2016-03-09 13:59:40'),
    (196, 75, 36, '2015-08-29 02:12:58'),
    (197, 26, 12, '2016-04-11 12:09:39'),
    (198, 129, 36, '2016-02-29 15:40:57'),
    (199, 71, 4, '2015-11-18 04:22:10'),
    (200, 70, 34, '2015-09-08 16:08:01'),
    (201, 182, 36, '2015-06-17 15:37:39'),
    (202, 127, 2, '2016-04-13 15:19:11'),
    (203, 126, 18, '2015-08-08 04:45:56'),
    (204, 177, 22, '2015-06-10 07:14:01'),
    (205, 63, 7, '2015-08-07 04:40:41'),
    (206, 190, 2, '2016-04-19 22:14:14'),
    (207, 195, 44, '2015-09-07 13:36:37'),
    (208, 90, 36, '2015-07-20 09:20:19'),
    (209, 56, 18, '2015-08-26 09:03:11'),
    (210, 78, 30, '2015-07-12 02:25:52'),
    (211, 61, 27, '2015-09-25 03:51:15'),
    (212, 27, 1, '2015-06-25 02:02:26'),
    (213, 195, 30, '2015-08-23 09:57:03'),
    (214, 115, 37, '2015-08-28 10:59:00'),
    (215, 150, 47, '2016-03-28 04:51:09'),
    (216, 143, 22, '2016-03-15 23:33:04'),
    (217, 197, 46, '2015-08-30 20:22:10'),
    (218, 151, 3, '2015-10-21 11:07:04'),
    (219, 42, 25, '2015-07-18 14:45:59'),
    (220, 90, 28, '2015-06-21 03:23:49'),
    (221, 105, 33, '2015-09-08 02:26:07'),
    (222, 53, 1, '2015-06-25 12:51:40'),
    (223, 200, 31, '2016-01-17 17:20:53'),
    (224, 148, 22, '2015-07-17 22:14:41'),
    (225, 136, 41, '2016-04-16 11:49:18'),
    (226, 136, 31, '2016-01-16 10:18:23'),
    (227, 135, 48, '2015-10-21 01:33:45'),
    (228, 80, 13, '2015-06-02 01:19:03'),
    (229, 11, 41, '2016-01-24 12:20:32'),
    (230, 43, 4, '2016-02-15 21:48:08'),
    (231, 131, 21, '2016-01-11 23:53:06'),
    (232, 76, 33, '2015-08-27 09:28:37'),
    (233, 147, 35, '2015-06-20 07:54:26'),
    (234, 52, 11, '2016-02-13 09:04:18'),
    (235, 166, 20, '2015-09-09 23:53:53'),
    (236, 181, 15, '2015-10-10 04:02:48'),
    (237, 15, 22, '2015-11-02 04:52:48'),
    (238, 199, 3, '2015-05-21 05:19:20'),
    (239, 110, 32, '2016-03-15 05:18:37'),
    (240, 83, 49, '2016-04-01 00:55:37'),
    (241, 187, 45, '2015-04-29 11:42:34'),
    (242, 158, 16, '2016-02-20 06:51:58'),
    (243, 24, 33, '2015-07-23 03:14:25'),
    (244, 2, 50, '2016-02-18 16:15:11'),
    (245, 196, 19, '2015-06-12 05:18:04'),
    (246, 190, 7, '2015-07-17 00:02:22'),
    (247, 2, 14, '2016-02-21 18:05:42'),
    (248, 173, 28, '2015-06-02 18:40:16'),
    (249, 28, 46, '2015-09-03 06:38:46'),
    (250, 138, 7, '2015-11-27 20:16:00'),
    (251, 113, 2, '2015-11-11 16:20:04'),
    (252, 167, 28, '2016-02-28 16:24:40'),
    (253, 113, 31, '2016-02-24 00:14:07'),
    (254, 153, 23, '2015-09-05 20:10:20'),
    (255, 53, 6, '2015-12-20 13:52:40'),
    (256, 151, 43, '2016-02-23 03:07:24'),
    (257, 59, 1, '2015-07-03 05:12:31'),
    (258, 73, 34, '2016-01-09 13:30:56'),
    (259, 199, 32, '2015-12-09 17:56:29'),
    (260, 158, 7, '2015-08-11 12:04:01'),
    (261, 129, 12, '2015-10-24 20:40:29'),
    (262, 110, 12, '2016-02-23 11:17:41'),
    (263, 193, 39, '2015-06-08 03:32:22'),
    (264, 11, 35, '2015-06-10 08:28:50'),
    (265, 177, 30, '2016-01-08 19:38:07'),
    (266, 37, 20, '2015-08-07 19:05:27'),
    (267, 152, 39, '2015-05-31 22:59:11'),
    (268, 117, 6, '2015-09-17 06:19:27'),
    (269, 125, 46, '2016-04-18 07:20:31'),
    (270, 59, 39, '2015-11-12 09:46:30'),
    (271, 186, 19, '2015-05-19 12:19:56'),
    (272, 81, 13, '2015-09-17 12:50:26'),
    (273, 11, 48, '2015-09-26 00:24:16'),
    (274, 176, 40, '2016-03-27 11:48:45'),
    (275, 14, 29, '2015-12-03 03:48:38'),
    (276, 39, 48, '2015-07-22 15:53:18'),
    (277, 180, 4, '2016-01-13 20:04:53'),
    (278, 53, 46, '2015-10-25 04:25:55'),
    (279, 184, 1, '2015-12-13 23:41:00'),
    (280, 96, 46, '2015-07-26 23:15:50'),
    (281, 97, 38, '2015-05-25 01:56:06'),
    (282, 24, 31, '2016-04-21 09:18:25'),
    (283, 82, 17, '2015-10-06 22:44:28'),
    (284, 41, 33, '2015-09-14 13:55:38'),
    (285, 198, 22, '2016-04-14 15:45:36'),
    (286, 55, 47, '2015-06-20 21:02:50'),
    (287, 32, 46, '2015-09-01 00:33:48'),
    (288, 56, 25, '2015-11-27 11:13:29'),
    (289, 130, 5, '2015-05-08 10:29:38'),
    (290, 58, 46, '2015-08-22 07:09:58'),
    (291, 43, 31, '2016-03-15 02:00:10'),
    (292, 185, 27, '2016-03-25 20:05:50'),
    (293, 120, 6, '2015-11-25 03:21:49'),
    (294, 117, 27, '2015-06-10 01:31:59'),
    (295, 2, 7, '2015-10-10 16:46:16'),
    (296, 70, 21, '2015-05-26 19:04:42'),
    (297, 183, 15, '2015-11-24 17:36:35'),
    (298, 171, 13, '2015-06-29 06:05:53'),
    (299, 187, 48, '2015-04-30 11:22:27'),
    (300, 81, 43, '2015-09-26 05:02:17'),
    (301, 72, 14, '2015-12-07 08:14:50'),
    (302, 166, 43, '2015-11-12 11:10:47'),
    (303, 53, 3, '2016-01-02 09:38:02'),
    (304, 199, 2, '2015-05-13 20:38:10'),
    (305, 183, 28, '2015-11-09 19:14:53'),
    (306, 157, 42, '2016-02-11 13:02:25'),
    (307, 99, 8, '2015-05-22 09:56:31'),
    (308, 86, 13, '2015-06-01 16:06:08'),
    (309, 139, 37, '2015-10-11 19:51:16'),
    (310, 97, 18, '2015-10-25 04:43:06'),
    (311, 167, 26, '2015-12-11 07:22:12'),
    (312, 97, 49, '2015-10-21 06:17:16'),
    (313, 142, 39, '2016-01-27 12:52:17'),
    (314, 144, 3, '2015-11-23 11:23:34'),
    (315, 104, 50, '2016-03-08 20:28:35'),
    (316, 189, 1, '2016-02-11 01:16:43'),
    (317, 25, 46, '2015-11-15 19:29:39'),
    (318, 49, 26, '2016-03-01 16:26:47'),
    (319, 62, 19, '2016-01-23 18:43:58'),
    (320, 31, 1, '2016-04-21 01:13:23'),
    (321, 135, 26, '2016-04-08 19:22:16'),
    (322, 123, 24, '2015-10-30 22:42:19'),
    (323, 38, 43, '2015-07-27 07:37:38'),
    (324, 1, 40, '2016-04-14 21:09:55'),
    (325, 137, 18, '2015-07-08 20:37:06'),
    (326, 99, 12, '2015-05-02 03:18:04'),
    (327, 77, 14, '2016-01-07 18:26:18'),
    (328, 177, 49, '2015-11-23 08:35:48'),
    (329, 149, 43, '2016-02-24 15:28:29'),
    (330, 69, 47, '2015-06-07 03:20:01'),
    (331, 159, 3, '2015-08-20 02:52:24'),
    (332, 167, 34, '2015-05-29 00:31:34'),
    (333, 143, 23, '2015-06-21 20:30:21'),
    (334, 154, 38, '2015-07-02 11:01:54'),
    (335, 154, 12, '2015-12-10 17:33:37'),
    (336, 57, 48, '2016-02-25 15:21:44'),
    (337, 113, 40, '2015-12-10 09:28:02'),
    (338, 64, 6, '2015-12-12 16:29:38'),
    (339, 166, 46, '2016-03-29 15:07:41'),
    (340, 179, 47, '2015-04-27 19:51:03'),
    (341, 60, 10, '2016-02-12 09:22:35'),
    (342, 136, 31, '2015-11-26 20:19:17'),
    (343, 163, 25, '2015-06-01 12:20:37'),
    (344, 190, 42, '2015-09-16 16:39:37'),
    (345, 127, 16, '2015-05-29 16:44:57'),
    (346, 144, 1, '2016-03-12 04:23:25'),
    (347, 138, 8, '2016-01-16 11:24:41'),
    (348, 64, 43, '2015-12-02 20:05:54'),
    (349, 58, 41, '2016-04-15 00:46:12'),
    (350, 114, 43, '2016-03-19 18:58:52'),
    (351, 195, 32, '2015-07-17 01:28:42'),
    (352, 70, 11, '2016-02-27 20:24:13'),
    (353, 100, 12, '2015-06-20 00:43:58'),
    (354, 107, 5, '2015-08-13 16:08:57'),
    (355, 143, 37, '2015-05-25 13:22:29'),
    (356, 117, 48, '2016-04-04 17:40:35'),
    (357, 128, 24, '2015-06-11 07:17:08'),
    (358, 164, 20, '2015-11-30 06:55:27'),
    (359, 157, 6, '2016-03-29 12:04:28'),
    (360, 123, 41, '2015-12-14 15:39:12'),
    (361, 45, 42, '2016-01-08 11:00:08'),
    (362, 73, 27, '2016-02-20 04:36:18'),
    (363, 134, 34, '2015-07-11 22:00:30'),
    (364, 187, 43, '2015-05-09 11:40:14'),
    (365, 71, 23, '2015-09-15 13:48:59'),
    (366, 101, 50, '2015-10-03 22:15:17'),
    (367, 72, 47, '2015-12-17 21:33:57'),
    (368, 12, 25, '2015-11-26 15:22:15'),
    (369, 136, 39, '2016-03-28 03:27:21'),
    (370, 88, 10, '2016-04-01 20:46:11'),
    (371, 110, 28, '2016-04-20 01:35:29'),
    (372, 24, 15, '2015-04-25 03:09:34'),
    (373, 186, 24, '2015-09-22 16:50:02'),
    (374, 6, 7, '2015-11-17 08:58:54'),
    (375, 41, 32, '2015-07-20 03:33:24'),
    (376, 77, 33, '2015-05-06 03:45:30'),
    (377, 50, 36, '2015-07-05 02:28:25'),
    (378, 61, 15, '2015-10-19 10:00:10'),
    (379, 122, 30, '2015-12-24 02:03:43'),
    (380, 154, 34, '2016-03-10 19:44:46'),
    (381, 102, 38, '2016-01-02 15:43:07'),
    (382, 25, 21, '2015-06-27 17:24:44'),
    (383, 112, 20, '2016-03-17 22:33:59'),
    (384, 142, 39, '2015-10-17 21:00:33'),
    (385, 130, 27, '2015-05-11 15:34:31'),
    (386, 131, 10, '2015-04-24 18:49:23'),
    (387, 133, 1, '2015-07-10 04:30:24'),
    (388, 33, 42, '2015-12-21 03:13:09'),
    (389, 15, 14, '2016-02-18 10:24:43'),
    (390, 41, 12, '2016-03-23 05:54:25'),
    (391, 1, 7, '2015-12-01 22:47:22'),
    (392, 148, 1, '2015-09-15 14:14:55'),
    (393, 164, 16, '2015-10-04 11:56:26'),
    (394, 96, 34, '2016-03-19 10:46:52'),
    (395, 84, 22, '2015-04-29 19:05:43'),
    (396, 181, 18, '2015-10-24 20:45:10'),
    (397, 47, 45, '2015-08-29 03:16:55'),
    (398, 199, 45, '2015-06-18 10:41:54'),
    (399, 99, 39, '2015-05-29 02:34:59'),
    (400, 70, 5, '2015-10-10 13:49:13'),
    (401, 110, 40, '2016-02-13 15:49:01'),
    (402, 128, 47, '2016-02-16 09:01:55'),
    (403, 2, 37, '2016-02-19 09:29:24'),
    (404, 64, 6, '2015-07-10 01:50:43'),
    (405, 75, 49, '2015-05-26 07:40:04'),
    (406, 153, 9, '2015-11-08 05:22:41'),
    (407, 199, 27, '2016-03-24 22:05:18'),
    (408, 149, 31, '2016-02-26 20:44:59'),
    (409, 141, 48, '2015-05-31 07:36:16'),
    (410, 156, 49, '2015-11-22 01:49:28'),
    (411, 90, 31, '2015-07-01 05:13:35'),
    (412, 76, 29, '2015-04-26 17:53:30'),
    (413, 3, 23, '2016-03-31 15:04:59'),
    (414, 73, 10, '2015-07-23 04:44:39'),
    (415, 102, 4, '2016-02-23 21:05:57'),
    (416, 67, 12, '2016-03-14 03:37:59'),
    (417, 189, 27, '2016-03-11 22:42:46'),
    (418, 46, 13, '2016-02-08 17:25:59'),
    (419, 77, 39, '2015-06-30 00:08:14'),
    (420, 93, 33, '2015-08-12 16:53:27'),
    (421, 190, 47, '2015-09-14 12:11:52'),
    (422, 198, 41, '2015-11-26 12:40:18'),
    (423, 16, 17, '2016-02-02 22:35:29'),
    (424, 18, 35, '2016-03-24 04:49:17'),
    (425, 56, 20, '2015-08-16 18:26:04'),
    (426, 98, 43, '2016-04-21 07:11:36'),
    (427, 10, 23, '2015-04-22 17:13:43'),
    (428, 60, 45, '2015-11-20 08:19:59'),
    (429, 5, 16, '2015-11-22 15:53:11'),
    (430, 128, 40, '2015-08-17 22:12:54'),
    (431, 195, 20, '2015-07-19 00:42:22'),
    (432, 139, 6, '2015-10-22 16:21:51'),
    (433, 156, 35, '2016-02-28 06:08:10'),
    (434, 92, 49, '2016-02-12 16:28:31'),
    (435, 135, 46, '2015-12-28 20:34:07'),
    (436, 121, 22, '2015-04-22 16:26:52'),
    (437, 151, 15, '2016-02-19 00:06:58'),
    (438, 18, 32, '2016-02-01 08:17:40'),
    (439, 76, 47, '2015-09-19 07:26:51'),
    (440, 141, 10, '2015-12-25 07:56:28'),
    (441, 130, 42, '2015-06-12 02:25:36'),
    (442, 163, 22, '2015-10-31 00:48:09'),
    (443, 77, 22, '2015-07-08 07:08:39'),
    (444, 5, 7, '2016-01-16 07:59:23'),
    (445, 100, 10, '2015-10-24 15:25:01'),
    (446, 83, 11, '2016-04-02 03:06:30'),
    (447, 33, 43, '2015-07-31 19:01:40'),
    (448, 43, 46, '2016-02-23 12:43:23'),
    (449, 45, 35, '2016-01-16 03:56:54'),
    (450, 67, 31, '2016-01-07 08:58:56'),
    (451, 91, 17, '2016-03-01 14:38:31'),
    (452, 164, 28, '2016-03-16 21:48:37'),
    (453, 88, 2, '2015-11-19 09:29:39'),
    (454, 179, 26, '2015-12-07 00:45:45'),
    (455, 156, 35, '2016-01-08 19:04:07'),
    (456, 40, 23, '2016-03-10 00:37:33'),
    (457, 46, 1, '2015-06-21 22:26:17'),
    (458, 52, 8, '2016-02-11 04:15:20'),
    (459, 113, 10, '2015-10-16 05:39:30'),
    (460, 98, 42, '2016-01-11 06:19:08'),
    (461, 165, 44, '2015-08-23 07:36:39'),
    (462, 84, 44, '2015-09-13 20:34:38'),
    (463, 132, 30, '2016-04-18 00:00:53'),
    (464, 132, 46, '2015-07-25 03:13:26'),
    (465, 80, 12, '2015-12-03 10:31:48'),
    (466, 42, 21, '2015-07-30 07:51:44'),
    (467, 38, 3, '2015-12-15 22:10:50'),
    (468, 33, 50, '2015-12-21 22:01:41'),
    (469, 184, 49, '2015-12-26 10:29:20'),
    (470, 191, 50, '2015-12-01 01:05:31'),
    (471, 166, 47, '2015-09-08 11:57:07'),
    (472, 176, 30, '2015-07-14 03:50:05'),
    (473, 102, 36, '2016-02-29 23:28:05'),
    (474, 32, 4, '2016-02-23 11:50:15'),
    (475, 177, 37, '2016-03-23 14:13:48'),
    (476, 84, 7, '2015-10-04 00:53:20'),
    (477, 3, 22, '2016-03-08 16:45:26'),
    (478, 94, 4, '2016-03-31 17:38:50'),
    (479, 114, 8, '2016-02-13 16:42:33'),
    (480, 73, 43, '2016-01-03 00:41:32'),
    (481, 13, 50, '2015-07-07 19:45:24'),
    (482, 6, 27, '2015-04-30 21:51:32'),
    (483, 36, 50, '2015-05-31 21:55:27'),
    (484, 27, 19, '2015-09-24 02:39:53'),
    (485, 142, 36, '2015-11-16 09:28:20'),
    (486, 154, 13, '2015-06-15 21:47:53'),
    (487, 110, 17, '2015-08-14 13:25:57'),
    (488, 142, 14, '2015-08-26 14:02:52'),
    (489, 183, 8, '2015-08-25 19:49:52'),
    (490, 6, 43, '2015-11-09 12:07:49'),
    (491, 8, 18, '2016-03-19 05:05:02'),
    (492, 148, 32, '2015-09-10 09:32:46'),
    (493, 12, 42, '2015-12-29 03:20:00'),
    (494, 75, 9, '2015-07-04 11:47:15'),
    (495, 138, 34, '2015-09-08 23:00:50'),
    (496, 173, 15, '2016-03-23 19:59:17'),
    (497, 150, 42, '2016-03-18 02:47:27'),
    (498, 175, 6, '2016-02-05 16:37:21'),
    (499, 196, 10, '2016-03-23 19:29:28'),
    (500, 33, 2, '2015-11-10 01:50:18'),
    (501, 57, 36, '2015-09-14 16:59:17'),
    (502, 132, 46, '2016-01-17 16:07:22'),
    (503, 162, 14, '2016-02-04 22:36:00'),
    (504, 131, 19, '2016-02-22 08:29:40'),
    (505, 192, 49, '2015-11-22 03:58:16'),
    (506, 22, 35, '2016-01-23 07:05:57'),
    (507, 119, 42, '2015-11-06 12:08:20'),
    (508, 171, 14, '2015-06-23 08:21:58'),
    (509, 198, 14, '2016-01-29 03:35:54'),
    (510, 90, 24, '2015-09-02 16:11:47'),
    (511, 64, 17, '2015-08-17 09:44:03'),
    (512, 2, 13, '2015-06-02 23:30:04'),
    (513, 105, 41, '2015-08-16 15:14:03'),
    (514, 151, 12, '2016-02-01 20:30:21'),
    (515, 97, 9, '2015-06-09 08:22:02'),
    (516, 195, 36, '2016-01-01 18:46:44'),
    (517, 188, 9, '2015-08-06 18:06:31'),
    (518, 86, 17, '2016-04-18 00:59:44'),
    (519, 29, 38, '2015-07-07 00:21:04'),
    (520, 103, 48, '2015-07-04 14:08:42'),
    (521, 36, 48, '2015-11-22 20:38:12'),
    (522, 61, 43, '2015-12-13 05:06:20'),
    (523, 169, 49, '2015-06-01 17:35:18'),
    (524, 155, 35, '2015-07-30 20:41:45'),
    (525, 177, 15, '2015-09-19 11:03:33'),
    (526, 133, 24, '2015-12-09 18:44:59'),
    (527, 4, 14, '2016-03-07 17:25:08'),
    (528, 155, 33, '2015-08-21 08:01:08'),
    (529, 90, 25, '2016-03-29 04:58:02'),
    (530, 46, 23, '2015-10-07 11:44:20'),
    (531, 139, 11, '2015-07-09 07:03:32'),
    (532, 9, 13, '2016-03-15 04:10:10'),
    (533, 177, 43, '2015-08-22 22:50:20'),
    (534, 31, 20, '2015-08-28 10:24:46'),
    (535, 186, 41, '2015-12-03 18:06:27'),
    (536, 43, 39, '2015-06-05 14:33:31'),
    (537, 51, 13, '2015-08-11 03:38:15'),
    (538, 165, 17, '2015-09-30 09:29:16'),
    (539, 18, 8, '2016-02-20 23:44:31'),
    (540, 29, 25, '2016-04-02 11:07:25'),
    (541, 167, 12, '2015-12-08 01:44:10'),
    (542, 101, 28, '2016-03-27 22:01:27'),
    (543, 25, 38, '2015-07-19 20:58:20'),
    (544, 108, 12, '2015-07-05 07:56:54'),
    (545, 109, 7, '2015-05-07 14:42:47'),
    (546, 186, 32, '2016-03-01 23:35:00'),
    (547, 122, 27, '2015-08-08 23:47:18'),
    (548, 15, 41, '2016-02-08 15:28:09'),
    (549, 2, 9, '2015-07-14 06:15:29'),
    (550, 110, 30, '2016-04-07 02:36:34'),
    (551, 89, 41, '2015-06-02 18:29:54'),
    (552, 142, 2, '2016-01-07 04:33:11'),
    (553, 149, 22, '2015-10-29 10:31:04'),
    (554, 62, 36, '2015-09-09 22:42:54'),
    (555, 71, 8, '2015-08-11 08:09:42'),
    (556, 53, 50, '2015-09-10 12:59:28'),
    (557, 55, 1, '2015-11-07 08:37:38'),
    (558, 173, 6, '2016-03-26 04:47:20'),
    (559, 148, 2, '2015-08-10 15:38:04'),
    (560, 159, 40, '2015-12-22 03:34:29'),
    (561, 119, 25, '2015-11-14 11:03:21'),
    (562, 55, 50, '2016-04-01 01:36:41'),
    (563, 111, 4, '2015-05-27 21:56:53'),
    (564, 14, 30, '2016-04-08 07:15:09'),
    (565, 34, 28, '2015-08-19 04:57:05'),
    (566, 112, 15, '2015-06-08 16:16:48'),
    (567, 59, 13, '2016-03-20 18:34:45'),
    (568, 46, 48, '2015-09-22 03:37:40'),
    (569, 9, 25, '2015-05-26 10:24:24'),
    (570, 41, 22, '2016-01-24 17:15:02'),
    (571, 71, 29, '2015-07-27 03:38:38'),
    (572, 1, 41, '2016-01-04 13:26:00'),
    (573, 27, 35, '2015-10-29 01:25:52'),
    (574, 200, 4, '2015-12-28 22:53:53'),
    (575, 16, 39, '2015-10-04 14:41:04'),
    (576, 68, 8, '2015-04-27 16:44:02'),
    (577, 63, 8, '2015-09-09 02:05:44'),
    (578, 68, 38, '2015-10-05 03:22:26'),
    (579, 121, 5, '2015-05-24 05:11:07'),
    (580, 46, 24, '2015-11-07 05:02:55'),
    (581, 147, 36, '2016-03-15 23:43:44'),
    (582, 142, 9, '2015-10-08 17:07:45'),
    (583, 25, 4, '2015-09-11 18:11:48'),
    (584, 160, 18, '2015-06-24 15:39:04'),
    (585, 143, 5, '2015-05-27 07:33:20'),
    (586, 55, 9, '2016-03-10 19:01:03'),
    (587, 131, 15, '2016-03-12 12:24:41'),
    (588, 118, 35, '2016-04-11 07:16:08'),
    (589, 122, 3, '2015-10-18 15:12:24'),
    (590, 77, 9, '2015-09-08 16:30:05'),
    (591, 131, 4, '2016-02-18 01:57:19'),
    (592, 151, 27, '2015-06-07 05:16:32'),
    (593, 197, 11, '2016-03-18 19:58:36'),
    (594, 137, 48, '2016-01-27 06:21:48'),
    (595, 17, 4, '2015-09-27 23:30:01'),
    (596, 200, 30, '2015-06-13 10:17:49'),
    (597, 8, 15, '2016-01-18 10:32:27'),
    (598, 135, 39, '2016-02-17 04:57:51'),
    (599, 191, 33, '2015-04-28 03:47:58'),
    (600, 12, 23, '2015-10-21 04:10:26'),
    (601, 179, 33, '2015-06-11 02:15:27'),
    (602, 10, 40, '2016-04-14 23:17:54'),
    (603, 141, 28, '2016-02-26 16:37:39'),
    (604, 156, 32, '2016-04-14 21:04:32'),
    (605, 36, 35, '2016-02-25 14:58:31'),
    (606, 7, 48, '2015-09-24 06:21:58'),
    (607, 168, 3, '2015-04-29 02:08:53'),
    (608, 30, 3, '2015-05-09 10:26:03'),
    (609, 94, 42, '2016-01-07 11:49:43'),
    (610, 129, 42, '2015-05-01 10:38:41'),
    (611, 171, 19, '2015-04-26 13:52:14'),
    (612, 132, 38, '2015-06-23 19:04:50'),
    (613, 88, 47, '2015-08-24 06:02:45'),
    (614, 17, 29, '2016-03-25 05:05:37'),
    (615, 57, 44, '2015-06-25 06:30:24'),
    (616, 80, 31, '2015-04-25 18:04:20'),
    (617, 26, 16, '2015-08-21 12:52:06'),
    (618, 110, 43, '2016-02-04 00:23:15'),
    (619, 14, 49, '2015-09-12 10:03:24'),
    (620, 141, 16, '2016-01-07 16:22:23'),
    (621, 149, 44, '2016-02-03 15:12:17'),
    (622, 49, 46, '2015-09-17 23:11:55'),
    (623, 135, 44, '2015-07-16 05:14:52'),
    (624, 195, 9, '2016-01-10 14:57:33'),
    (625, 23, 18, '2015-07-22 22:20:43'),
    (626, 83, 26, '2015-04-24 16:52:54'),
    (627, 13, 29, '2016-01-09 07:51:35'),
    (628, 92, 33, '2016-03-23 01:29:42'),
    (629, 195, 33, '2015-06-09 21:33:34'),
    (630, 36, 24, '2015-06-18 06:06:04'),
    (631, 139, 24, '2016-01-28 05:18:44'),
    (632, 46, 24, '2015-07-28 04:04:37'),
    (633, 171, 18, '2016-04-07 10:41:04'),
    (634, 103, 19, '2016-03-05 14:27:43'),
    (635, 53, 11, '2016-03-23 08:53:25'),
    (636, 89, 36, '2015-07-17 09:44:07'),
    (637, 24, 44, '2015-06-14 05:44:06'),
    (638, 176, 6, '2016-04-08 15:06:45'),
    (639, 65, 46, '2015-07-18 01:23:21'),
    (640, 132, 12, '2015-05-17 15:56:57'),
    (641, 6, 5, '2015-11-27 14:53:01'),
    (642, 46, 6, '2015-08-03 07:44:15'),
    (643, 54, 32, '2015-06-16 21:34:31'),
    (644, 56, 39, '2015-05-10 02:06:55'),
    (645, 26, 17, '2015-04-23 15:45:12'),
    (646, 69, 37, '2015-11-04 04:01:02'),
    (647, 64, 23, '2015-08-30 00:48:52'),
    (648, 37, 14, '2015-10-07 01:33:45'),
    (649, 13, 29, '2015-11-09 20:48:45'),
    (650, 27, 1, '2015-11-11 13:25:39'),
    (651, 118, 36, '2015-12-31 02:04:32'),
    (652, 36, 21, '2016-04-09 15:14:16'),
    (653, 10, 50, '2016-03-30 17:27:27'),
    (654, 195, 41, '2015-07-17 09:22:46'),
    (655, 120, 7, '2015-06-05 22:22:56'),
    (656, 169, 11, '2015-10-03 19:15:35'),
    (657, 182, 48, '2015-10-26 10:25:22'),
    (658, 39, 9, '2015-07-15 13:43:26'),
    (659, 150, 19, '2015-08-27 18:43:00'),
    (660, 34, 15, '2015-07-12 17:15:46'),
    (661, 110, 26, '2016-03-14 11:16:11'),
    (662, 6, 11, '2015-08-21 09:56:16'),
    (663, 89, 18, '2015-08-12 05:18:36'),
    (664, 17, 10, '2015-09-19 00:45:56'),
    (665, 111, 29, '2015-05-25 06:32:40'),
    (666, 10, 11, '2016-01-05 06:15:20'),
    (667, 177, 7, '2016-03-31 10:25:39'),
    (668, 48, 23, '2015-07-27 22:58:07'),
    (669, 153, 1, '2015-07-10 02:56:56'),
    (670, 46, 23, '2015-07-20 15:01:07'),
    (671, 157, 3, '2015-10-30 20:31:58'),
    (672, 64, 3, '2015-08-08 00:18:23'),
    (673, 29, 31, '2015-12-03 02:54:32'),
    (674, 86, 6, '2015-05-18 05:01:14'),
    (675, 162, 18, '2015-06-23 18:22:51'),
    (676, 49, 12, '2015-06-15 23:37:01'),
    (677, 74, 29, '2015-09-16 12:24:19'),
    (678, 2, 34, '2015-07-29 02:45:58'),
    (679, 113, 22, '2015-09-11 11:05:21'),
    (680, 168, 40, '2015-12-26 05:15:30'),
    (681, 60, 32, '2016-01-13 09:31:56'),
    (682, 143, 42, '2015-08-17 17:49:01'),
    (683, 87, 50, '2015-04-28 12:17:18'),
    (684, 151, 46, '2015-09-26 08:32:13'),
    (685, 151, 38, '2015-12-19 09:42:39'),
    (686, 34, 41, '2015-09-24 03:52:07'),
    (687, 25, 32, '2016-04-14 17:28:44'),
    (688, 117, 6, '2016-01-01 09:19:45'),
    (689, 146, 7, '2015-05-14 14:11:31'),
    (690, 3, 12, '2016-03-22 09:13:04'),
    (691, 32, 48, '2015-10-24 03:22:27'),
    (692, 154, 10, '2016-01-28 06:27:37'),
    (693, 197, 16, '2015-09-25 21:19:07'),
    (694, 110, 4, '2015-06-23 03:56:37'),
    (695, 96, 38, '2016-01-05 21:07:41'),
    (696, 199, 1, '2015-07-05 18:20:55'),
    (697, 98, 38, '2016-03-14 18:59:24'),
    (698, 101, 12, '2015-10-11 03:40:11'),
    (699, 90, 26, '2015-10-28 18:14:09'),
    (700, 148, 2, '2015-08-08 17:37:28'),
    (701, 17, 14, '2015-12-16 10:42:06'),
    (702, 32, 2, '2015-09-20 23:25:58'),
    (703, 67, 14, '2016-02-15 11:36:30'),
    (704, 14, 27, '2015-11-26 03:39:48'),
    (705, 105, 7, '2015-11-04 22:02:37'),
    (706, 181, 9, '2016-03-31 16:28:35'),
    (707, 120, 49, '2015-06-20 12:08:01'),
    (708, 110, 46, '2016-02-22 09:59:04'),
    (709, 186, 5, '2015-12-11 20:58:49'),
    (710, 138, 24, '2016-04-09 01:56:50'),
    (711, 185, 36, '2015-09-25 00:17:54'),
    (712, 199, 13, '2015-06-08 23:34:37'),
    (713, 191, 50, '2015-12-25 21:49:23'),
    (714, 136, 19, '2015-12-12 12:12:34'),
    (715, 166, 43, '2016-01-14 16:36:21'),
    (716, 96, 3, '2015-06-19 12:18:03'),
    (717, 183, 31, '2015-08-13 19:40:05'),
    (718, 11, 19, '2015-05-11 15:04:11'),
    (719, 23, 33, '2015-10-24 07:54:38'),
    (720, 126, 37, '2015-05-03 22:00:38'),
    (721, 192, 43, '2015-04-24 02:21:18'),
    (722, 14, 45, '2015-11-18 11:52:55'),
    (723, 190, 27, '2015-05-27 07:52:08'),
    (724, 165, 16, '2016-01-17 09:04:30'),
    (725, 95, 6, '2015-12-15 07:03:45'),
    (726, 187, 44, '2015-12-26 03:32:21'),
    (727, 78, 26, '2015-07-16 16:48:53'),
    (728, 151, 35, '2016-03-17 12:45:53'),
    (729, 152, 43, '2016-04-11 10:46:26'),
    (730, 137, 21, '2016-04-16 07:01:42'),
    (731, 105, 15, '2016-04-15 09:41:36'),
    (732, 119, 28, '2015-11-02 11:22:08'),
    (733, 1, 30, '2015-08-07 16:25:51'),
    (734, 9, 8, '2016-02-12 19:19:08'),
    (735, 188, 7, '2015-05-02 00:36:24'),
    (736, 94, 13, '2015-04-25 15:38:25'),
    (737, 84, 14, '2015-09-24 23:36:30'),
    (738, 175, 27, '2016-02-28 01:39:36'),
    (739, 132, 26, '2015-12-09 04:32:54'),
    (740, 24, 22, '2015-06-01 22:30:24'),
    (741, 191, 21, '2015-12-02 21:40:36'),
    (742, 74, 12, '2015-10-04 19:44:18'),
    (743, 85, 45, '2015-08-13 20:35:42'),
    (744, 139, 43, '2015-06-10 01:55:47'),
    (745, 76, 10, '2015-11-01 17:19:07'),
    (746, 129, 3, '2015-09-17 11:35:30'),
    (747, 43, 9, '2015-10-26 09:44:50'),
    (748, 37, 13, '2016-03-07 03:45:36'),
    (749, 65, 16, '2015-09-27 12:33:02'),
    (750, 144, 41, '2015-05-26 07:54:03'),
    (751, 199, 4, '2015-09-04 01:21:02'),
    (752, 196, 21, '2015-10-31 13:57:18'),
    (753, 88, 23, '2016-03-10 23:56:10'),
    (754, 200, 14, '2015-12-01 05:35:59'),
    (755, 144, 25, '2015-08-06 08:27:26'),
    (756, 74, 39, '2015-05-20 17:51:30'),
    (757, 38, 22, '2016-02-26 16:35:42'),
    (758, 185, 31, '2016-04-18 04:20:30'),
    (759, 168, 25, '2015-09-11 13:34:48'),
    (760, 159, 31, '2015-07-23 18:05:38'),
    (761, 77, 42, '2015-09-25 21:32:54'),
    (762, 132, 6, '2015-09-21 18:29:41'),
    (763, 109, 43, '2016-04-14 05:34:10'),
    (764, 43, 50, '2015-06-17 08:25:26'),
    (765, 106, 45, '2016-03-11 21:14:27'),
    (766, 191, 40, '2016-03-04 07:56:16'),
    (767, 127, 21, '2015-08-28 16:56:13'),
    (768, 79, 8, '2015-10-20 09:02:17'),
    (769, 168, 46, '2015-11-22 02:19:43'),
    (770, 59, 1, '2016-02-12 20:19:10'),
    (771, 131, 24, '2015-06-12 13:05:44'),
    (772, 78, 43, '2016-02-12 14:29:27'),
    (773, 187, 8, '2015-07-21 22:05:17'),
    (774, 166, 44, '2015-06-22 09:01:37'),
    (775, 66, 10, '2016-01-25 08:43:57'),
    (776, 179, 23, '2016-02-17 05:29:59'),
    (777, 43, 4, '2016-03-22 06:02:01'),
    (778, 166, 12, '2016-03-31 17:03:50'),
    (779, 89, 24, '2016-01-10 10:28:27'),
    (780, 132, 39, '2015-05-11 19:08:39'),
    (781, 82, 11, '2016-03-09 10:22:01'),
    (782, 105, 18, '2015-05-09 16:08:47'),
    (783, 100, 30, '2015-09-28 23:49:47'),
    (784, 200, 8, '2015-06-07 12:08:04'),
    (785, 66, 5, '2015-11-06 07:21:57'),
    (786, 109, 32, '2016-03-24 01:16:10'),
    (787, 62, 39, '2015-10-24 04:05:32'),
    (788, 39, 16, '2015-06-09 03:22:20'),
    (789, 18, 50, '2015-08-21 03:16:02'),
    (790, 5, 35, '2015-04-26 05:15:15'),
    (791, 153, 45, '2016-04-07 08:20:44'),
    (792, 10, 6, '2016-04-06 11:54:41'),
    (793, 183, 47, '2015-06-12 01:28:39'),
    (794, 24, 7, '2016-04-03 23:49:30'),
    (795, 110, 23, '2016-02-29 23:35:30'),
    (796, 8, 9, '2016-04-21 11:31:17'),
    (797, 22, 26, '2016-01-23 19:30:13'),
    (798, 51, 1, '2015-07-02 15:59:37'),
    (799, 81, 35, '2016-04-09 07:25:51'),
    (800, 102, 16, '2016-04-10 10:50:30');
